date,participant,respmap,trial,block,trialID,isPrac,isStationary,walkSpeed,targOnset,targRT,qStep,toneAmp,tonePresent,targResponse,correctResponse,
2023-08-23,EC,L:Present R:absent,0,0,0,0,True,0,0,0.010768,0,0,0,0,0
2023-08-23,EC,L:Present R:absent,0,0,0,0,True,0,1.654789,-10,0,-100,0,-10,0
2023-08-23,EC,L:Present R:absent,0,0,0,0,True,0,2.576667,-10,0,-16.47817,0,-10,0
2023-08-23,EC,L:Present R:absent,0,0,0,0,True,0,3.518988,-10,0,-16.47817,0,-10,0
2023-08-23,EC,L:Present R:absent,0,0,0,0,True,0,4.985047,5.407133,0,-100,0,1,0
2023-08-23,EC,L:Present R:absent,1,0,1,0,True,0,4.985047,0.0112182,0,-100,0,1,0
2023-08-23,EC,L:Present R:absent,1,0,1,0,True,0,1.510313,2.007283,0,-100,0,0,1
2023-08-23,EC,L:Present R:absent,1,0,1,0,True,0,2.428206,2.96276,0,-100,0,0,1
2023-08-23,EC,L:Present R:absent,1,0,1,0,True,0,3.352556,3.851215,0,-16.47817,1,1,1
2023-08-23,EC,L:Present R:absent,1,0,1,0,True,0,4.272697,4.772279,0,-16.47817,1,0,0
2023-08-23,EC,L:Present R:absent,2,0,2,0,True,0,4.272697,0.0559055,0,-16.47817,1,0,0
2023-08-23,EC,L:Present R:absent,2,0,2,0,True,0,1.666844,2.298965,0,-100,0,1,0
2023-08-23,EC,L:Present R:absent,2,0,2,0,True,0,2.587579,3.399795,0,-100,0,0,1
2023-08-23,EC,L:Present R:absent,2,0,2,0,True,0,3.510701,4.099472,0,-100,0,0,1
2023-08-23,EC,L:Present R:absent,2,0,2,0,True,0,4.497266,5.008046,0,-100,0,0,1
2023-08-23,EC,L:Present R:absent,3,0,3,0,True,0,4.497266,0.0221382,0,-100,0,0,1
2023-08-23,EC,L:Present R:absent,3,0,3,0,True,0,1.743001,2.309667,0,-100,0,0,1
2023-08-23,EC,L:Present R:absent,3,0,3,0,True,0,2.667148,3.16111,0,-16.47817,1,0,0
2023-08-23,EC,L:Present R:absent,3,0,3,0,True,0,3.671795,4.24088,0,-16.47817,1,1,1
2023-08-23,EC,L:Present R:absent,3,0,3,0,True,0,5.064072,5.719284,0,-16.47817,1,1,1
2023-08-23,EC,L:Present R:absent,4,0,4,0,False,1,5.064072,0.0111189,0,-16.47817,1,1,1
2023-08-23,EC,L:Present R:absent,4,0,4,0,False,1,1.811011,-10,0,-16.47817,1,-10,0
2023-08-23,EC,L:Present R:absent,4,0,4,0,False,1,2.729428,-10,0,-16.47817,1,-10,0
2023-08-23,EC,L:Present R:absent,4,0,4,0,False,1,3.655581,-10,0,-16.47817,1,-10,0
2023-08-23,EC,L:Present R:absent,4,0,4,0,False,1,4.57618,-10,0,-16.47817,1,-10,0
2023-08-23,EC,L:Present R:absent,5,0,5,0,False,1,4.57618,0.0334426,0,-16.47817,1,-10,0
2023-08-23,EC,L:Present R:absent,5,0,5,0,False,1,1.821509,-10,0,-16.47817,1,-10,0
2023-08-23,EC,L:Present R:absent,5,0,5,0,False,1,2.740433,2.851874,0,-100,0,0,1
2023-08-23,EC,L:Present R:absent,5,0,5,0,False,1,3.665279,3.720824,0,-16.47817,1,0,0
2023-08-23,EC,L:Present R:absent,5,0,5,0,False,1,4.586884,5.17419,0,-100,0,0,1
2023-08-23,EC,L:Present R:absent,6,0,6,0,False,2,4.586884,0.0225192,0,-100,0,0,1
2023-08-23,EC,L:Present R:absent,6,0,6,0,False,2,1.454809,-10,0,-2.406805,0,-10,0
2023-08-23,EC,L:Present R:absent,6,0,6,0,False,2,2.376999,2.754205,0,-2.406805,1,1,1
2023-08-23,EC,L:Present R:absent,6,0,6,0,False,2,3.298748,4.09772,0,-11.59434,1,1,1
2023-08-23,EC,L:Present R:absent,6,0,6,0,False,2,4.22025,5.075322,0,-19.8178,1,0,0
2023-08-23,EC,L:Present R:absent,7,0,7,0,False,2,4.22025,0.0331356,0,-19.8178,1,0,0
2023-08-23,EC,L:Present R:absent,7,0,7,0,False,2,1.686665,2.319888,0,-11.51251,1,1,1
2023-08-23,EC,L:Present R:absent,7,0,7,0,False,2,2.606139,3.185678,0,-15.93741,1,1,1
2023-08-23,EC,L:Present R:absent,7,0,7,0,False,2,3.718799,4.482605,0,-20.23536,1,1,1
2023-08-23,EC,L:Present R:absent,7,0,7,0,False,2,4.892838,5.5405,0,-100,0,0,1
2023-08-23,EC,L:Present R:absent,8,0,8,0,False,2,4.892838,0.055683,0,-100,0,0,1
2023-08-23,EC,L:Present R:absent,8,0,8,0,False,2,1.886525,2.553112,0,-20.36108,1,0,0
2023-08-23,EC,L:Present R:absent,8,0,8,0,False,2,2.806907,3.498068,0,-15.53335,1,1,1
2023-08-23,EC,L:Present R:absent,8,0,8,0,False,2,3.729915,4.431052,0,-17.15829,1,1,1
2023-08-23,EC,L:Present R:absent,8,0,8,0,False,2,4.673979,5.286328,0,-100,0,0,1
2023-08-23,EC,L:Present R:absent,9,0,9,0,False,2,4.673979,0.0443634,0,-100,0,0,1
2023-08-23,EC,L:Present R:absent,9,0,9,0,False,2,1.864688,-10,0,-18.78437,0,-10,0
2023-08-23,EC,L:Present R:absent,9,0,9,0,False,2,2.787861,2.843052,0,-18.78437,1,1,1
2023-08-23,EC,L:Present R:absent,9,0,9,0,False,2,3.953623,4.853036,0,-22.98873,1,0,0
2023-08-23,EC,L:Present R:absent,9,0,9,0,False,2,5.307042,-10,0,-16.79748,1,-10,0
2023-08-23,EC,L:Present R:absent,9,0,9,0,False,2,5.307042,6.785162,0,-16.79748,1,-10,0
2023-08-23,EC,L:Present R:absent,10,0,10,0,False,2,5.307042,0.0364215,0,-16.79748,1,-10,0
2023-08-23,EC,L:Present R:absent,10,0,10,0,False,2,1.788436,2.710241,0,-16.79748,1,-10,0
2023-08-23,EC,L:Present R:absent,10,0,10,0,False,2,1.788436,-10,0,-16.79748,1,-10,0
2023-08-23,EC,L:Present R:absent,10,0,10,0,False,2,2.710241,3.276551,0,-16.79748,1,1,1
2023-08-23,EC,L:Present R:absent,10,0,10,0,False,2,3.630492,4.162515,0,-16.88789,1,1,1
2023-08-23,EC,L:Present R:absent,10,0,10,0,False,2,4.550455,5.19689,0,-100,0,0,1
2023-08-23,EC,L:Present R:absent,11,0,11,0,False,2,4.550455,0.0114398,0,-100,0,0,1
2023-08-23,EC,L:Present R:absent,11,0,11,0,False,2,1.787728,-10,0,-21.09759,0,-10,0
2023-08-23,EC,L:Present R:absent,11,0,11,0,False,2,2.710054,2.917334,0,-21.09759,1,1,1
2023-08-23,EC,L:Present R:absent,11,0,11,0,False,2,3.876647,4.620492,0,-23.25638,1,1,1
2023-08-23,EC,L:Present R:absent,11,0,11,0,False,2,5.052742,5.808811,0,-23.9346,1,1,1
2023-08-23,EC,L:Present R:absent,12,0,12,0,False,2,5.052742,0.0553776,0,-23.9346,1,1,1
2023-08-23,EC,L:Present R:absent,12,0,12,0,False,2,1.721068,2.473172,0,-29.14288,1,0,0
2023-08-23,EC,L:Present R:absent,12,0,12,0,False,2,2.641216,3.150145,0,-100,0,0,1
2023-08-23,EC,L:Present R:absent,12,0,12,0,False,2,3.56141,4.275383,0,-24.24818,1,0,0
2023-08-23,EC,L:Present R:absent,12,0,12,0,False,2,4.673657,5.47427,0,-22.69862,1,1,1
2023-08-23,EC,L:Present R:absent,13,0,13,0,False,2,4.673657,0.0445466,0,-22.69862,1,1,1
2023-08-23,EC,L:Present R:absent,13,0,13,0,False,2,1.443955,2.210494,0,-100,0,0,1
2023-08-23,EC,L:Present R:absent,13,0,13,0,False,2,2.365518,2.998859,0,-100,0,0,1
2023-08-23,EC,L:Present R:absent,13,0,13,0,False,2,3.285946,3.95331,0,-23.75782,1,0,0
2023-08-23,EC,L:Present R:absent,13,0,13,0,False,2,4.207313,4.930948,0,-21.63195,1,1,1
2023-08-23,EC,L:Present R:absent,14,0,14,0,False,2,4.207313,0.0333422,0,-21.63195,1,1,1
2023-08-23,EC,L:Present R:absent,14,0,14,0,False,2,2.721365,3.444992,0,-22.75733,1,0,0
2023-08-23,EC,L:Present R:absent,14,0,14,0,False,2,3.642037,4.332072,0,-100,0,0,1
2023-08-23,EC,L:Present R:absent,14,0,14,0,False,2,4.562297,5.321745,0,-22.05487,1,1,1
2023-08-23,EC,L:Present R:absent,15,0,15,0,False,2,4.562297,0.1086373,0,-22.05487,1,1,1
2023-08-23,EC,L:Present R:absent,15,0,15,0,False,2,2.498628,3.298705,0,-100,0,0,1
2023-08-23,EC,L:Present R:absent,15,0,15,0,False,2,3.418965,4.243932,0,-21.58733,1,1,1
2023-08-23,EC,L:Present R:absent,15,0,15,0,False,2,4.342458,4.997907,0,-25.50669,1,0,0
2023-08-23,EC,L:Present R:absent,16,0,16,0,False,2,4.342458,0.0110918,0,-25.50669,1,0,0
2023-08-23,EC,L:Present R:absent,16,0,16,0,False,2,1.553966,-10,0,-24.76216,1,-10,0
2023-08-23,EC,L:Present R:absent,16,0,16,0,False,2,2.476963,2.609297,0,-24.76216,1,0,0
2023-08-23,EC,L:Present R:absent,16,0,16,0,False,2,3.39844,4.175724,0,-100,0,0,1
2023-08-23,EC,L:Present R:absent,16,0,16,0,False,2,4.318657,-10,0,-24.51301,0,-10,0
2023-08-23,EC,L:Present R:absent,16,0,16,0,False,2,4.318657,5.360963,0,-24.51301,0,-10,0
2023-08-23,EC,L:Present R:absent,17,0,17,0,False,2,4.318657,0.0330834,0,-24.51301,0,-10,0
2023-08-23,EC,L:Present R:absent,17,0,17,0,False,2,2.676165,3.320608,0,-24.51301,1,0,0
2023-08-23,EC,L:Present R:absent,17,0,17,0,False,2,3.595984,4.207732,0,-20.51856,1,1,1
2023-08-23,EC,L:Present R:absent,17,0,17,0,False,2,4.522199,5.129164,0,-25.26201,1,0,0
2023-08-23,EC,L:Present R:absent,18,0,18,0,False,2,4.522199,0.0222729,0,-25.26201,1,0,0
2023-08-23,EC,L:Present R:absent,18,0,18,0,False,2,1.743476,2.488159,0,-100,0,0,1
2023-08-23,EC,L:Present R:absent,18,0,18,0,False,2,2.663507,3.229539,0,-100,0,0,1
2023-08-23,EC,L:Present R:absent,18,0,18,0,False,2,3.851418,4.461393,0,-22.00602,1,1,1
2023-08-23,EC,L:Present R:absent,18,0,18,0,False,2,5.275471,6.175415,0,-24.70881,1,1,1
2023-08-23,EC,L:Present R:absent,19,0,19,0,False,2,5.275471,0.0332188,0,-24.70881,1,1,1
2023-08-23,EC,L:Present R:absent,19,0,19,0,False,2,1.732266,2.640139,0,-20.35508,1,1,1
2023-08-23,EC,L:Present R:absent,19,0,19,0,False,2,2.651219,3.296135,0,-100,0,0,1
2023-08-23,EC,L:Present R:absent,19,0,19,0,False,2,3.572438,4.005116,0,-24.81483,1,1,1
2023-08-23,EC,L:Present R:absent,19,0,19,0,False,2,4.494368,5.141468,0,-21.84709,1,1,1
2023-08-23,EC,L:Present R:absent,20,1,0,0,False,2,4.494368,0.033381,0,-21.84709,1,1,1
2023-08-23,EC,L:Present R:absent,20,1,0,0,False,2,1.720897,2.50997,0,-100,0,0,1
2023-08-23,EC,L:Present R:absent,20,1,0,0,False,2,2.643176,3.220757,0,-20.29152,1,1,1
2023-08-23,EC,L:Present R:absent,20,1,0,0,False,2,3.563104,4.106929,0,-25.01125,1,1,1
2023-08-23,EC,L:Present R:absent,20,1,0,0,False,2,4.741997,5.275208,0,-25.69342,1,0,0
2023-08-23,EC,L:Present R:absent,21,1,1,0,False,2,4.741997,0.0336808,0,-25.69342,1,0,0
2023-08-23,EC,L:Present R:absent,21,1,1,0,False,2,1.609836,2.442202,0,-25.66069,1,0,0
2023-08-23,EC,L:Present R:absent,21,1,1,0,False,2,2.531863,3.13127,0,-100,0,0,1
2023-08-23,EC,L:Present R:absent,21,1,1,0,False,2,3.463314,4.142141,0,-20.42139,1,1,1
2023-08-23,EC,L:Present R:absent,21,1,1,0,False,2,4.60705,5.23073,0,-100,0,0,1
2023-08-23,EC,L:Present R:absent,22,1,2,0,False,2,4.60705,0.044302,0,-100,0,0,1
2023-08-23,EC,L:Present R:absent,22,1,2,0,False,2,1.92123,2.56511,0,-25.35115,1,0,0
2023-08-23,EC,L:Present R:absent,22,1,2,0,False,2,3.964874,4.597889,0,-100,0,0,1
2023-08-23,EC,L:Present R:absent,22,1,2,0,False,2,5.34172,5.996755,0,-100,0,0,1
2023-08-23,EC,L:Present R:absent,23,1,3,0,False,2,5.34172,0.0221623,0,-100,0,0,1
2023-08-23,EC,L:Present R:absent,23,1,3,0,False,2,1.521523,2.165484,0,-20.9928,1,0,0
2023-08-23,EC,L:Present R:absent,23,1,3,0,False,2,2.441994,3.0426,0,-25.07174,1,0,0
2023-08-23,EC,L:Present R:absent,23,1,3,0,False,2,3.363556,3.985216,0,-100,0,0,1
2023-08-23,EC,L:Present R:absent,23,1,3,0,False,2,4.529771,5.119884,0,-100,0,0,1
2023-08-23,EC,L:Present R:absent,24,1,4,0,False,2,4.529771,0.0337292,0,-100,0,0,1
2023-08-23,EC,L:Present R:absent,24,1,4,0,False,2,1.965851,2.718344,0,-100,0,1,0
2023-08-23,EC,L:Present R:absent,24,1,4,0,False,2,2.884543,3.483463,0,-100,0,0,1
2023-08-23,EC,L:Present R:absent,24,1,4,0,False,2,3.841393,4.509155,0,-100,0,0,1
2023-08-23,EC,L:Present R:absent,25,1,5,0,False,2,3.841393,0.0218215,0,-100,0,0,1
2023-08-23,EC,L:Present R:absent,25,1,5,0,False,2,1.777023,2.440176,0,-100,0,0,1
2023-08-23,EC,L:Present R:absent,25,1,5,0,False,2,2.695899,3.308673,0,-100,0,1,0
2023-08-23,EC,L:Present R:absent,25,1,5,0,False,2,3.619146,4.296824,0,-25.2358,1,1,1
2023-08-23,EC,L:Present R:absent,25,1,5,0,False,2,4.740812,5.464129,0,-23.4636,1,1,1
2023-08-23,EC,L:Present R:absent,26,1,6,0,False,2,4.740812,0.0219367,0,-23.4636,1,1,1
2023-08-23,EC,L:Present R:absent,26,1,6,0,False,2,1.654507,2.398354,0,-26.35318,1,0,0
2023-08-23,EC,L:Present R:absent,26,1,6,0,False,2,2.57616,3.164498,0,-21.78909,1,0,0
2023-08-23,EC,L:Present R:absent,26,1,6,0,False,2,3.497838,4.331028,0,-100,0,0,1
2023-08-23,EC,L:Present R:absent,26,1,6,0,False,2,4.41961,5.01943,0,-22.15492,1,1,1
2023-08-23,EC,L:Present R:absent,27,1,7,0,False,2,4.41961,0.0221769,0,-22.15492,1,1,1
2023-08-23,EC,L:Present R:absent,27,1,7,0,False,2,1.57704,2.331955,0,-26.07765,1,0,0
2023-08-23,EC,L:Present R:absent,27,1,7,0,False,2,2.49712,3.165961,0,-100,0,0,1
2023-08-23,EC,L:Present R:absent,27,1,7,0,False,2,3.416724,4.15303,0,-100,0,0,1
2023-08-23,EC,L:Present R:absent,27,1,7,0,False,2,4.340265,5.12003,0,-22.25093,1,1,1
2023-08-23,EC,L:Present R:absent,28,1,8,0,False,2,4.340265,0.0332639,0,-22.25093,1,1,1
2023-08-23,EC,L:Present R:absent,28,1,8,0,False,2,1.488632,2.23187,0,-25.60271,1,1,1
2023-08-23,EC,L:Present R:absent,28,1,8,0,False,2,2.409836,3.109793,0,-20.90747,1,1,1
2023-08-23,EC,L:Present R:absent,28,1,8,0,False,2,3.330217,3.930176,0,-100,0,0,1
2023-08-23,EC,L:Present R:absent,28,1,8,0,False,2,4.25191,4.77422,0,-24.09128,1,1,1
2023-08-23,EC,L:Present R:absent,29,1,9,0,False,2,4.25191,0.0222113,0,-24.09128,1,1,1
2023-08-23,EC,L:Present R:absent,29,1,9,0,False,2,1.832213,2.7547,0,-24.09128,1,1,1
2023-08-23,EC,L:Present R:absent,29,1,9,0,False,2,1.832213,-10,0,-24.07914,1,-10,0
2023-08-23,EC,L:Present R:absent,29,1,9,0,False,2,2.7547,3.353985,0,-100,0,0,1
2023-08-23,EC,L:Present R:absent,29,1,9,0,False,2,3.674239,4.242469,0,-100,0,0,1
2023-08-23,EC,L:Present R:absent,29,1,9,0,False,2,4.831128,5.39728,0,-24.07914,1,0,0
2023-08-23,EC,L:Present R:absent,30,1,10,0,False,2,4.831128,0.0222871,0,-24.07914,1,0,0
2023-08-23,EC,L:Present R:absent,30,1,10,0,False,2,1.665192,2.354465,0,-24.51139,1,0,0
2023-08-23,EC,L:Present R:absent,30,1,10,0,False,2,2.585702,3.176006,0,-100,0,0,1
2023-08-23,EC,L:Present R:absent,30,1,10,0,False,2,3.518782,4.174693,0,-22.65748,1,0,0
2023-08-23,EC,L:Present R:absent,30,1,10,0,False,2,4.786675,5.463766,0,-23.11213,1,1,1
2023-08-23,EC,L:Present R:absent,31,1,11,0,False,2,4.786675,0.0224208,0,-23.11213,1,1,1
2023-08-23,EC,L:Present R:absent,31,1,11,0,False,2,2.551931,3.219321,0,-23.94341,1,0,0
2023-08-23,EC,L:Present R:absent,31,1,11,0,False,2,3.472741,4.119911,0,-100,0,0,1
2023-08-23,EC,L:Present R:absent,31,1,11,0,False,2,4.608522,5.497075,0,-26.25185,1,0,0
2023-08-23,EC,L:Present R:absent,32,1,12,0,False,2,4.608522,0.0113902,0,-26.25185,1,0,0
2023-08-23,EC,L:Present R:absent,32,1,12,0,False,2,1.632584,2.28801,0,-21.21296,1,1,1
2023-08-23,EC,L:Present R:absent,32,1,12,0,False,2,2.552742,3.175098,0,-100,0,0,1
2023-08-23,EC,L:Present R:absent,32,1,12,0,False,2,3.473897,4.018685,0,-22.78123,1,1,1
2023-08-23,EC,L:Present R:absent,32,1,12,0,False,2,4.396248,5.007754,0,-100,0,0,1
2023-08-23,EC,L:Present R:absent,33,1,13,0,False,2,4.396248,0.0110875,0,-100,0,0,1
2023-08-23,EC,L:Present R:absent,33,1,13,0,False,2,1.452816,2.076089,0,-24.23589,1,1,1
2023-08-23,EC,L:Present R:absent,33,1,13,0,False,2,2.374,2.963806,0,-100,0,0,1
2023-08-23,EC,L:Present R:absent,33,1,13,0,False,2,3.295508,3.795619,0,-100,0,1,0
2023-08-23,EC,L:Present R:absent,33,1,13,0,False,2,4.305771,5.087132,0,-100,0,0,1
2023-08-23,EC,L:Present R:absent,34,1,14,0,False,2,4.305771,0.0112456,0,-100,0,0,1
2023-08-23,EC,L:Present R:absent,34,1,14,0,False,2,1.698866,2.487595,0,-26.14481,1,1,1
2023-08-23,EC,L:Present R:absent,34,1,14,0,False,2,2.620497,3.309339,0,-26.29958,1,1,1
2023-08-23,EC,L:Present R:absent,34,1,14,0,False,2,3.627624,4.262696,0,-100,0,0,1
2023-08-23,EC,L:Present R:absent,34,1,14,0,False,2,4.930593,5.530506,0,-100,0,0,1
2023-08-23,EC,L:Present R:absent,35,1,15,0,False,2,4.930593,0.0111403,0,-100,0,0,1
2023-08-23,EC,L:Present R:absent,35,1,15,0,False,2,1.787776,2.473259,0,-24.80949,1,1,1
2023-08-23,EC,L:Present R:absent,35,1,15,0,False,2,2.707993,3.487836,0,-22.29552,1,1,1
2023-08-23,EC,L:Present R:absent,35,1,15,0,False,2,3.632122,4.330605,0,-26.14068,1,1,1
2023-08-23,EC,L:Present R:absent,35,1,15,0,False,2,4.551513,5.420135,0,-24.74468,1,0,0
2023-08-23,EC,L:Present R:absent,36,1,16,0,False,2,4.551513,0.0226116,0,-24.74468,1,0,0
2023-08-23,EC,L:Present R:absent,36,1,16,0,False,2,1.699142,2.376812,0,-100,0,0,1
2023-08-23,EC,L:Present R:absent,36,1,16,0,False,2,2.609847,3.252211,0,-100,0,1,0
2023-08-23,EC,L:Present R:absent,36,1,16,0,False,2,3.529607,4.153158,0,-100,0,0,1
2023-08-23,EC,L:Present R:absent,36,1,16,0,False,2,4.584311,5.218371,0,-25.10328,1,0,0
2023-08-23,EC,L:Present R:absent,37,1,17,0,False,2,4.584311,0.0112794,0,-25.10328,1,0,0
2023-08-23,EC,L:Present R:absent,37,1,17,0,False,2,1.763413,2.386867,0,-100,0,0,1
2023-08-23,EC,L:Present R:absent,37,1,17,0,False,2,3.608494,4.184398,0,-21.2906,1,0,0
2023-08-23,EC,L:Present R:absent,37,1,17,0,False,2,4.527089,5.296585,0,-25.95762,1,0,0
2023-08-23,EC,L:Present R:absent,38,1,18,0,False,2,4.527089,0.0108719,0,-25.95762,1,0,0
2023-08-23,EC,L:Present R:absent,38,1,18,0,False,2,1.676645,2.365634,0,-100,0,0,1
2023-08-23,EC,L:Present R:absent,38,1,18,0,False,2,2.597118,3.264038,0,-100,0,0,1
2023-08-23,EC,L:Present R:absent,38,1,18,0,False,2,4.442283,5.051749,0,-100,0,0,1
2023-08-23,EC,L:Present R:absent,39,1,19,0,False,2,4.442283,0.0331714,0,-100,0,0,1
2023-08-23,EC,L:Present R:absent,39,1,19,0,False,2,1.608937,2.397968,0,-24.09141,1,1,1
2023-08-23,EC,L:Present R:absent,39,1,19,0,False,2,2.534581,3.195498,0,-100,0,1,0
2023-08-23,EC,L:Present R:absent,39,1,19,0,False,2,3.49605,4.25252,0,-100,0,0,1
2023-08-23,EC,L:Present R:absent,39,1,19,0,False,2,4.695447,5.261785,0,-22.54359,1,1,1
2023-08-23,EC,L:Present R:absent,40,2,0,0,False,2,4.695447,0.0112179,0,-22.54359,1,1,1
2023-08-23,EC,L:Present R:absent,40,2,0,0,False,2,2.488383,3.165127,0,-24.47807,1,1,1
2023-08-23,EC,L:Present R:absent,40,2,0,0,False,2,3.407236,3.928139,0,-22.6494,1,1,1
2023-08-23,EC,L:Present R:absent,40,2,0,0,False,2,4.327486,5.086679,0,-26.31189,1,1,1
2023-08-23,EC,L:Present R:absent,41,2,1,0,False,2,4.327486,0.0221014,0,-26.31189,1,1,1
2023-08-23,EC,L:Present R:absent,41,2,1,0,False,2,1.588713,2.365463,0,-100,0,0,1
2023-08-23,EC,L:Present R:absent,41,2,1,0,False,2,2.510222,3.095621,0,-23.67301,1,1,1
2023-08-23,EC,L:Present R:absent,41,2,1,0,False,2,3.439284,4.0066,0,-22.22744,1,1,1
2023-08-23,EC,L:Present R:absent,41,2,1,0,False,2,4.362941,4.88602,0,-24.72438,1,1,1
2023-08-23,EC,L:Present R:absent,42,2,2,0,False,2,4.362941,0.033287,0,-24.72438,1,1,1
2023-08-23,EC,L:Present R:absent,42,2,2,0,False,2,1.454329,2.307435,0,-100,0,0,1
2023-08-23,EC,L:Present R:absent,42,2,2,0,False,2,2.373562,3.074967,0,-26.82632,1,1,1
2023-08-23,EC,L:Present R:absent,42,2,2,0,False,2,3.294176,3.953717,0,-100,0,0,1
2023-08-23,EC,L:Present R:absent,42,2,2,0,False,2,4.207354,4.953498,0,-100,0,0,1
2023-08-23,EC,L:Present R:absent,43,2,3,0,False,2,4.207354,0.0445149,0,-100,0,0,1
2023-08-23,EC,L:Present R:absent,43,2,3,0,False,2,1.554759,2.198112,0,-21.81537,1,1,1
2023-08-23,EC,L:Present R:absent,43,2,3,0,False,2,2.4755,3.029939,0,-27.21198,1,1,1
2023-08-23,EC,L:Present R:absent,43,2,3,0,False,2,3.396191,4.040874,0,-26.37547,1,0,0
2023-08-23,EC,L:Present R:absent,43,2,3,0,False,2,4.319182,4.88363,0,-23.09397,1,1,1
2023-08-23,EC,L:Present R:absent,44,2,4,0,False,2,4.319182,0.0330399,0,-23.09397,1,1,1
2023-08-23,EC,L:Present R:absent,44,2,4,0,False,2,1.754962,2.500054,0,-100,0,0,1
2023-08-23,EC,L:Present R:absent,44,2,4,0,False,2,2.66573,3.307029,0,-24.61307,1,0,0
2023-08-23,EC,L:Present R:absent,44,2,4,0,False,2,3.589633,4.072765,0,-100,0,1,0
2023-08-23,EC,L:Present R:absent,44,2,4,0,False,2,4.538822,5.038347,0,-23.48492,1,0,0
2023-08-23,EC,L:Present R:absent,45,2,5,0,False,2,4.538822,0.0223578,0,-23.48492,1,0,0
2023-08-23,EC,L:Present R:absent,45,2,5,0,False,2,1.811113,2.453985,0,-25.86182,1,0,0
2023-08-23,EC,L:Present R:absent,45,2,5,0,False,2,2.730463,3.509264,0,-26.26331,1,1,1
2023-08-23,EC,L:Present R:absent,45,2,5,0,False,2,3.651993,4.352162,0,-100,0,0,1
2023-08-23,EC,L:Present R:absent,45,2,5,0,False,2,4.572575,5.242582,0,-100,0,0,1
2023-08-23,EC,L:Present R:absent,46,2,6,0,False,2,4.572575,0.0476924,0,-100,0,0,1
2023-08-23,EC,L:Present R:absent,46,2,6,0,False,2,1.490842,2.220741,0,-25.92778,1,0,0
2023-08-23,EC,L:Present R:absent,46,2,6,0,False,2,2.408009,3.020106,0,-100,0,0,1
2023-08-23,EC,L:Present R:absent,46,2,6,0,False,2,3.329935,3.906676,0,-100,0,0,1
2023-08-23,EC,L:Present R:absent,46,2,6,0,False,2,4.249876,4.863043,0,-21.87738,1,1,1
2023-08-23,EC,L:Present R:absent,47,2,7,0,False,2,4.249876,0.0216572,0,-21.87738,1,1,1
2023-08-23,EC,L:Present R:absent,47,2,7,0,False,2,1.787397,2.464321,0,-26.01757,1,1,1
2023-08-23,EC,L:Present R:absent,47,2,7,0,False,2,2.708053,3.28311,0,-22.92903,1,0,0
2023-08-23,EC,L:Present R:absent,47,2,7,0,False,2,3.628963,4.139359,0,-21.30319,1,1,1
2023-08-23,EC,L:Present R:absent,47,2,7,0,False,2,4.628243,5.14964,0,-25.91801,1,1,1
2023-08-23,EC,L:Present R:absent,48,2,8,0,False,2,4.628243,0.0221272,0,-25.91801,1,1,1
2023-08-23,EC,L:Present R:absent,48,2,8,0,False,2,1.942782,2.676324,0,-100,0,0,1
2023-08-23,EC,L:Present R:absent,48,2,8,0,False,2,2.862298,3.428305,0,-26.22849,1,0,0
2023-08-23,EC,L:Present R:absent,48,2,8,0,False,2,3.783378,4.508818,0,-100,0,0,1
2023-08-23,EC,L:Present R:absent,48,2,8,0,False,2,4.984601,5.762077,0,-100,0,0,1
2023-08-23,EC,L:Present R:absent,49,2,9,0,False,2,4.984601,0.0221441,0,-100,0,0,1
2023-08-23,EC,L:Present R:absent,49,2,9,0,False,2,1.710229,2.399913,0,-26.48351,1,1,1
2023-08-23,EC,L:Present R:absent,49,2,9,0,False,2,2.630382,3.253166,0,-22.67933,1,0,0
2023-08-23,EC,L:Present R:absent,49,2,9,0,False,2,3.550967,4.442221,0,-100,0,1,0
2023-08-23,EC,L:Present R:absent,49,2,9,0,False,2,4.475589,5.342373,0,-26.48558,1,0,0
2023-08-23,EC,L:Present R:absent,50,2,10,0,False,2,4.475589,0.0224461,0,-26.48558,1,0,0
2023-08-23,EC,L:Present R:absent,50,2,10,0,False,2,1.629331,2.376434,0,-22.16123,1,1,1
2023-08-23,EC,L:Present R:absent,50,2,10,0,False,2,2.552508,3.163408,0,-100,0,0,1
2023-08-23,EC,L:Present R:absent,50,2,10,0,False,2,3.598752,-10,0,-100,0,-10,0
2023-08-23,EC,L:Present R:absent,50,2,10,0,False,2,4.519575,-10,0,-23.12309,0,-10,0
2023-08-23,EC,L:Present R:absent,51,2,11,0,False,2,4.519575,0.022302,0,-23.12309,0,-10,0
2023-08-23,EC,L:Present R:absent,51,2,11,0,False,2,1.732032,2.498504,0,-100,0,0,1
2023-08-23,EC,L:Present R:absent,51,2,11,0,False,2,3.585612,4.464256,0,-100,0,0,1
2023-08-23,EC,L:Present R:absent,51,2,11,0,False,2,5.018098,5.685942,0,-100,0,0,1
2023-08-23,EC,L:Present R:absent,52,2,12,0,False,2,5.018098,0.0333743,0,-100,0,0,1
2023-08-23,EC,L:Present R:absent,52,2,12,0,False,2,1.943735,2.667503,0,-23.12309,1,1,1
2023-08-23,EC,L:Present R:absent,52,2,12,0,False,2,2.862214,3.427722,0,-21.46006,1,1,1
2023-08-23,EC,L:Present R:absent,52,2,12,0,False,2,3.785584,4.228867,0,-26.47739,1,1,1
2023-08-23,EC,L:Present R:absent,52,2,12,0,False,2,4.706563,5.330236,0,-26.91355,1,1,1
2023-08-23,EC,L:Present R:absent,53,2,13,0,False,2,4.706563,0.0223342,0,-26.91355,1,1,1
2023-08-23,EC,L:Present R:absent,53,2,13,0,False,2,1.765891,2.476261,0,-21.95105,1,1,1
2023-08-23,EC,L:Present R:absent,53,2,13,0,False,2,2.686056,3.229452,0,-22.91356,1,1,1
2023-08-23,EC,L:Present R:absent,53,2,13,0,False,2,3.953729,4.765777,0,-23.89817,1,1,1
2023-08-23,EC,L:Present R:absent,53,2,13,0,False,2,5.430539,6.230448,0,-26.38106,1,1,1
2023-08-23,EC,L:Present R:absent,54,2,14,0,False,2,5.430539,0.0223558,0,-26.38106,1,1,1
2023-08-23,EC,L:Present R:absent,54,2,14,0,False,2,1.465941,2.220065,0,-25.84289,1,1,1
2023-08-23,EC,L:Present R:absent,54,2,14,0,False,2,2.386036,3.0201,0,-24.86569,1,0,0
2023-08-23,EC,L:Present R:absent,54,2,14,0,False,2,3.308102,3.997166,0,-24.06053,1,1,1
2023-08-23,EC,L:Present R:absent,54,2,14,0,False,2,4.229475,-10,0,-100,1,-10,0
2023-08-23,EC,L:Present R:absent,54,2,14,0,False,2,4.229475,5.17508,0,-100,1,-10,0
2023-08-23,EC,L:Present R:absent,55,2,15,0,False,2,4.229475,0.0107656,0,-100,1,-10,0
2023-08-23,EC,L:Present R:absent,55,2,15,0,False,2,1.832138,2.531775,0,-25.99324,1,0,0
2023-08-23,EC,L:Present R:absent,55,2,15,0,False,2,2.7518,3.273836,0,-25.9671,1,0,0
2023-08-23,EC,L:Present R:absent,55,2,15,0,False,2,3.785856,4.45289,0,-21.81127,1,1,1
2023-08-23,EC,L:Present R:absent,55,2,15,0,False,2,5.185939,5.863742,0,-100,0,0,1
2023-08-23,EC,L:Present R:absent,56,2,16,0,False,2,5.185939,0.0111678,0,-100,0,0,1
2023-08-23,EC,L:Present R:absent,56,2,16,0,False,2,1.710502,2.466235,0,-100,0,0,1
2023-08-23,EC,L:Present R:absent,56,2,16,0,False,2,2.632019,3.209995,0,-100,0,0,1
2023-08-23,EC,L:Present R:absent,56,2,16,0,False,2,3.683837,4.275452,0,-100,0,0,1
2023-08-23,EC,L:Present R:absent,56,2,16,0,False,2,4.808257,5.396671,0,-100,0,0,1
2023-08-23,EC,L:Present R:absent,57,2,17,0,False,2,4.808257,0.0333361,0,-100,0,0,1
2023-08-23,EC,L:Present R:absent,57,2,17,0,False,2,1.976882,2.66271,0,-21.6396,1,1,1
2023-08-23,EC,L:Present R:absent,57,2,17,0,False,2,2.894252,3.495338,0,-26.12378,1,0,0
2023-08-23,EC,L:Present R:absent,57,2,17,0,False,2,3.896316,4.729211,0,-25.95343,1,0,0
2023-08-23,EC,L:Present R:absent,57,2,17,0,False,2,5.140243,5.808845,0,-100,0,0,1
2023-08-23,EC,L:Present R:absent,58,2,18,0,False,2,5.140243,0.0110148,0,-100,0,0,1
2023-08-23,EC,L:Present R:absent,58,2,18,0,False,2,1.699186,2.399165,0,-22.998,1,0,0
2023-08-23,EC,L:Present R:absent,58,2,18,0,False,2,2.619461,3.298447,0,-24.73091,1,0,0
2023-08-23,EC,L:Present R:absent,58,2,18,0,False,2,3.585573,4.353804,0,-23.81763,1,1,1
2023-08-23,EC,L:Present R:absent,58,2,18,0,False,2,4.995668,5.919693,0,-23.81763,1,1,1
2023-08-23,EC,L:Present R:absent,58,2,18,0,False,2,4.995668,-10,0,-100,1,-10,0
2023-08-23,EC,L:Present R:absent,59,2,19,0,False,2,4.995668,0.0224607,0,-100,1,-10,0
2023-08-23,EC,L:Present R:absent,59,2,19,0,False,2,1.43367,2.07761,0,-24.27103,1,0,0
2023-08-23,EC,L:Present R:absent,59,2,19,0,False,2,2.353162,3.065398,0,-26.42157,1,0,0
2023-08-23,EC,L:Present R:absent,59,2,19,0,False,2,3.275436,4.120772,0,-100,0,0,1
2023-08-23,EC,L:Present R:absent,59,2,19,0,False,2,4.19912,4.998242,0,-26.05805,1,1,1
2023-08-23,EC,L:Present R:absent,60,3,0,0,False,1,4.19912,0.022424,0,-26.05805,1,1,1
2023-08-23,EC,L:Present R:absent,60,3,0,0,False,1,2.410578,3.130027,0,-25.3724,1,1,1
2023-08-23,EC,L:Present R:absent,60,3,0,0,False,1,3.327633,4.053279,0,0,1,1,1
2023-08-23,EC,L:Present R:absent,60,3,0,0,False,1,4.251407,5.175148,0,0,1,1,1
2023-08-23,EC,L:Present R:absent,60,3,0,0,False,1,4.251407,-10,0,-100,1,-10,0
2023-08-23,EC,L:Present R:absent,61,3,1,0,False,1,4.251407,0.0222357,0,-100,1,-10,0
2023-08-23,EC,L:Present R:absent,61,3,1,0,False,1,1.621915,2.400138,0,-10.85005,1,1,1
2023-08-23,EC,L:Present R:absent,61,3,1,0,False,1,2.543684,3.017174,0,-15.82807,1,1,1
2023-08-23,EC,L:Present R:absent,61,3,1,0,False,1,3.463536,4.118321,0,-19.64182,1,1,1
2023-08-23,EC,L:Present R:absent,61,3,1,0,False,1,4.61644,5.486256,0,-100,0,0,1
2023-08-23,EC,L:Present R:absent,62,3,2,0,False,1,4.61644,0.0223025,0,-100,0,0,1
2023-08-23,EC,L:Present R:absent,62,3,2,0,False,1,1.676681,2.320766,0,-25.33885,1,1,1
2023-08-23,EC,L:Present R:absent,62,3,2,0,False,1,2.596962,3.476062,0,-32.29696,1,0,0
2023-08-23,EC,L:Present R:absent,62,3,2,0,False,1,3.520565,4.350867,0,-30.71489,1,0,0
2023-08-23,EC,L:Present R:absent,62,3,2,0,False,1,4.504739,-10,0,-24.29264,1,-10,0
2023-08-23,EC,L:Present R:absent,62,3,2,0,False,1,4.504739,5.584901,0,-24.29264,1,-10,0
2023-08-23,EC,L:Present R:absent,63,3,3,0,False,1,4.504739,0.0332548,0,-24.29264,1,-10,0
2023-08-23,EC,L:Present R:absent,63,3,3,0,False,1,1.675969,2.343629,0,-24.29264,1,1,1
2023-08-23,EC,L:Present R:absent,63,3,3,0,False,1,2.596768,3.208967,0,-26.47204,1,1,1
2023-08-23,EC,L:Present R:absent,63,3,3,0,False,1,4.630333,5.330284,0,-27.34491,1,0,0
2023-08-23,EC,L:Present R:absent,64,3,4,0,False,1,4.630333,0.0111964,0,-27.34491,1,0,0
2023-08-23,EC,L:Present R:absent,64,3,4,0,False,1,1.886942,2.653939,0,-28.1448,1,1,1
2023-08-23,EC,L:Present R:absent,64,3,4,0,False,1,2.80709,3.53128,0,-100,0,0,1
2023-08-23,EC,L:Present R:absent,64,3,4,0,False,1,4.018783,4.941636,0,-100,0,0,1
2023-08-23,EC,L:Present R:absent,64,3,4,0,False,1,4.018783,-10,0,-28.13519,0,-10,0
2023-08-23,EC,L:Present R:absent,64,3,4,0,False,1,5.461845,6.274466,0,-28.13519,1,0,0
2023-08-23,EC,L:Present R:absent,65,3,5,0,False,1,5.461845,0.0222061,0,-28.13519,1,0,0
2023-08-23,EC,L:Present R:absent,65,3,5,0,False,1,1.598669,2.442652,0,-25.98442,1,0,0
2023-08-23,EC,L:Present R:absent,65,3,5,0,False,1,2.520714,3.287044,0,-24.27547,1,0,0
2023-08-23,EC,L:Present R:absent,65,3,5,0,False,1,3.442372,4.18672,0,-23.9753,1,1,1
2023-08-23,EC,L:Present R:absent,65,3,5,0,False,1,4.395828,5.086322,0,-24.31722,1,0,0
2023-08-23,EC,L:Present R:absent,66,3,6,0,False,1,4.395828,0.0110685,0,-24.31722,1,0,0
2023-08-23,EC,L:Present R:absent,66,3,6,0,False,1,1.576701,2.40983,0,-25.40273,1,1,1
2023-08-23,EC,L:Present R:absent,66,3,6,0,False,1,2.498426,3.253817,0,-27.16469,1,1,1
2023-08-23,EC,L:Present R:absent,66,3,6,0,False,1,3.423537,4.004598,0,-24.65652,1,1,1
2023-08-23,EC,L:Present R:absent,66,3,6,0,False,1,4.349437,4.973699,0,-100,0,1,0
2023-08-23,EC,L:Present R:absent,67,3,7,0,False,1,4.349437,0.0224616,0,-100,0,1,0
2023-08-23,EC,L:Present R:absent,67,3,7,0,False,1,1.765449,2.487704,0,-27.43945,1,0,0
2023-08-23,EC,L:Present R:absent,67,3,7,0,False,1,2.685466,3.319249,0,-25.15351,1,0,0
2023-08-23,EC,L:Present R:absent,67,3,7,0,False,1,3.606627,4.27587,0,-29.25272,1,0,0
2023-08-23,EC,L:Present R:absent,67,3,7,0,False,1,4.53024,5.341875,0,-29.3176,1,0,0
2023-08-23,EC,L:Present R:absent,68,3,8,0,False,1,4.53024,0.0112318,0,-29.3176,1,0,0
2023-08-23,EC,L:Present R:absent,68,3,8,0,False,1,1.455572,2.211123,0,-24.15443,1,1,1
2023-08-23,EC,L:Present R:absent,68,3,8,0,False,1,2.375517,3.061506,0,-27.03531,1,1,1
2023-08-23,EC,L:Present R:absent,68,3,8,0,False,1,4.221262,4.932139,0,-100,0,0,1
2023-08-23,EC,L:Present R:absent,69,3,9,0,False,1,4.221262,0.0114183,0,-100,0,0,1
2023-08-23,EC,L:Present R:absent,69,3,9,0,False,1,1.821542,2.487995,0,-25.06214,1,1,1
2023-08-23,EC,L:Present R:absent,69,3,9,0,False,1,2.741285,3.453812,0,-26.52067,1,1,1
2023-08-23,EC,L:Present R:absent,69,3,9,0,False,1,3.662731,4.387296,0,-100,0,0,1
2023-08-23,EC,L:Present R:absent,69,3,9,0,False,1,4.650648,-10,0,-28.24234,0,-10,0
2023-08-23,EC,L:Present R:absent,69,3,9,0,False,1,4.650648,5.651447,0,-28.24234,0,-10,0
2023-08-23,EC,L:Present R:absent,70,3,10,0,False,1,4.650648,0.034019,0,-28.24234,0,-10,0
2023-08-23,EC,L:Present R:absent,70,3,10,0,False,1,2.376659,3.088617,0,-100,0,0,1
2023-08-23,EC,L:Present R:absent,70,3,10,0,False,1,3.30824,3.896176,0,-28.24234,1,0,0
2023-08-23,EC,L:Present R:absent,70,3,10,0,False,1,4.241261,4.876304,0,-100,0,0,1
2023-08-23,EC,L:Present R:absent,71,3,11,0,False,1,4.241261,0.0111573,0,-100,0,0,1
2023-08-23,EC,L:Present R:absent,71,3,11,0,False,1,1.509926,2.209928,0,-28.492,1,0,0
2023-08-23,EC,L:Present R:absent,71,3,11,0,False,1,2.430183,3.110802,0,-26.23099,1,1,1
2023-08-23,EC,L:Present R:absent,71,3,11,0,False,1,3.351881,3.964602,0,-100,0,0,1
2023-08-23,EC,L:Present R:absent,71,3,11,0,False,1,4.396925,5.119526,0,-100,0,0,1
2023-08-23,EC,L:Present R:absent,72,3,12,0,False,1,4.396925,0.01156,0,-100,0,0,1
2023-08-23,EC,L:Present R:absent,72,3,12,0,False,1,2.528896,3.265963,0,-24.58017,1,1,1
2023-08-23,EC,L:Present R:absent,72,3,12,0,False,1,3.452243,3.994521,0,-100,0,0,1
2023-08-23,EC,L:Present R:absent,72,3,12,0,False,1,4.642579,5.252649,0,-29.2832,1,0,0
2023-08-23,EC,L:Present R:absent,73,3,13,0,False,1,4.642579,0.0224258,0,-29.2832,1,0,0
2023-08-23,EC,L:Present R:absent,73,3,13,0,False,1,1.821472,2.408869,0,-100,0,0,1
2023-08-23,EC,L:Present R:absent,73,3,13,0,False,1,2.740707,3.339645,0,-29.7508,1,1,1
2023-08-23,EC,L:Present R:absent,73,3,13,0,False,1,3.663193,4.420098,0,-24.56014,1,1,1
2023-08-23,EC,L:Present R:absent,73,3,13,0,False,1,4.741029,5.374036,0,-100,0,0,1
2023-08-23,EC,L:Present R:absent,74,3,14,0,False,1,4.741029,0.0222995,0,-100,0,0,1
2023-08-23,EC,L:Present R:absent,74,3,14,0,False,1,1.666026,2.365368,0,-24.36344,1,1,1
2023-08-23,EC,L:Present R:absent,74,3,14,0,False,1,2.584432,3.262009,0,-26.35553,1,0,0
2023-08-23,EC,L:Present R:absent,74,3,14,0,False,1,3.507412,4.006732,0,-30.00336,1,1,1
2023-08-23,EC,L:Present R:absent,74,3,14,0,False,1,4.430058,5.074532,0,-100,0,0,1
2023-08-23,EC,L:Present R:absent,75,3,15,0,False,1,4.430058,0.0226072,0,-100,0,0,1
2023-08-23,EC,L:Present R:absent,75,3,15,0,False,1,1.63388,-10,0,-100,0,-10,0
2023-08-23,EC,L:Present R:absent,75,3,15,0,False,1,2.554424,2.580531,0,-25.96195,1,0,0
2023-08-23,EC,L:Present R:absent,75,3,15,0,False,1,3.475559,4.140556,0,-100,0,1,0
2023-08-23,EC,L:Present R:absent,75,3,15,0,False,1,4.3947,4.995374,0,-29.15391,1,1,1
2023-08-23,EC,L:Present R:absent,76,3,16,0,False,1,4.3947,0.0220958,0,-29.15391,1,1,1
2023-08-23,EC,L:Present R:absent,76,3,16,0,False,1,1.921165,2.542457,0,-100,0,0,1
2023-08-23,EC,L:Present R:absent,76,3,16,0,False,1,2.841499,3.341631,0,-24.5489,1,1,1
2023-08-23,EC,L:Present R:absent,76,3,16,0,False,1,3.763287,4.262505,0,-28.8566,1,0,0
2023-08-23,EC,L:Present R:absent,76,3,16,0,False,1,4.986822,5.640069,0,-100,0,0,1
2023-08-23,EC,L:Present R:absent,77,3,17,0,False,1,4.986822,0.0224435,0,-100,0,0,1
2023-08-23,EC,L:Present R:absent,77,3,17,0,False,1,1.609913,2.253948,0,-28.00601,1,0,0
2023-08-23,EC,L:Present R:absent,77,3,17,0,False,1,2.529379,3.142226,0,-29.69946,1,1,1
2023-08-23,EC,L:Present R:absent,77,3,17,0,False,1,3.451444,4.050964,0,-25.74095,1,0,0
2023-08-23,EC,L:Present R:absent,77,3,17,0,False,1,4.373516,5.041654,0,-100,0,0,1
2023-08-23,EC,L:Present R:absent,78,3,18,0,False,1,4.373516,0.0109778,0,-100,0,0,1
2023-08-23,EC,L:Present R:absent,78,3,18,0,False,1,1.654208,2.353455,0,-25.38186,1,0,0
2023-08-23,EC,L:Present R:absent,78,3,18,0,False,1,2.574756,3.15332,0,-26.51713,1,1,1
2023-08-23,EC,L:Present R:absent,78,3,18,0,False,1,3.495997,4.119729,0,-27.18134,1,1,1
2023-08-23,EC,L:Present R:absent,78,3,18,0,False,1,4.471403,5.048729,0,-28.11298,1,1,1
2023-08-23,EC,L:Present R:absent,79,3,19,0,False,1,4.471403,0.0333531,0,-28.11298,1,1,1
2023-08-23,EC,L:Present R:absent,79,3,19,0,False,1,1.67574,2.364906,0,-28.92014,1,0,0
2023-08-23,EC,L:Present R:absent,79,3,19,0,False,1,2.597806,3.264462,0,-100,0,1,0
2023-08-23,EC,L:Present R:absent,79,3,19,0,False,1,3.795717,4.618622,0,-28.12341,1,0,0
2023-08-23,EC,L:Present R:absent,79,3,19,0,False,1,5.242005,-10,0,-100,1,-10,0
2023-08-23,EC,L:Present R:absent,79,3,19,0,False,1,5.242005,6.228999,0,-100,1,-10,0
2023-08-23,EC,L:Present R:absent,80,4,0,0,False,2,5.242005,0.0222675,0,-100,1,-10,0
2023-08-23,EC,L:Present R:absent,80,4,0,0,False,2,1.821287,2.643361,0,-28.04286,1,0,0
2023-08-23,EC,L:Present R:absent,80,4,0,0,False,2,2.746733,3.372903,0,-23.65167,1,0,0
2023-08-23,EC,L:Present R:absent,80,4,0,0,False,2,3.673512,4.274519,0,-26.19904,1,1,1
2023-08-23,EC,L:Present R:absent,81,4,1,0,False,2,3.673512,0.0222782,0,-26.19904,1,1,1
2023-08-23,EC,L:Present R:absent,81,4,1,0,False,2,1.685585,2.285255,0,-24.82157,1,0,0
2023-08-23,EC,L:Present R:absent,81,4,1,0,False,2,2.60633,3.127992,0,-100,0,0,1
2023-08-23,EC,L:Present R:absent,81,4,1,0,False,2,3.527859,4.027328,0,-22.04622,1,1,1
2023-08-23,EC,L:Present R:absent,81,4,1,0,False,2,4.471528,5.085392,0,-100,0,0,1
2023-08-23,EC,L:Present R:absent,82,4,2,0,False,2,4.471528,0.0332293,0,-100,0,0,1
2023-08-23,EC,L:Present R:absent,82,4,2,0,False,2,1.864701,2.619101,0,-100,0,0,1
2023-08-23,EC,L:Present R:absent,82,4,2,0,False,2,2.78706,3.261506,0,-100,0,0,1
2023-08-23,EC,L:Present R:absent,82,4,2,0,False,2,3.705831,4.194159,0,-26.91004,1,1,1
2023-08-23,EC,L:Present R:absent,82,4,2,0,False,2,4.906715,5.574638,0,-23.70768,1,1,1
2023-08-23,EC,L:Present R:absent,83,4,3,0,False,2,4.906715,0.0109925,0,-23.70768,1,1,1
2023-08-23,EC,L:Present R:absent,83,4,3,0,False,2,1.787302,2.464817,0,-26.32661,1,0,0
2023-08-23,EC,L:Present R:absent,83,4,3,0,False,2,2.706955,3.249751,0,-26.82267,1,0,0
2023-08-23,EC,L:Present R:absent,83,4,3,0,False,2,3.628767,4.083475,0,-23.57252,1,1,1
2023-08-23,EC,L:Present R:absent,83,4,3,0,False,2,4.552465,5.116417,0,-100,0,0,1
2023-08-23,EC,L:Present R:absent,84,4,4,0,False,2,4.552465,0.0110143,0,-100,0,0,1
2023-08-23,EC,L:Present R:absent,84,4,4,0,False,2,1.599447,2.206611,0,-100,0,0,1
2023-08-23,EC,L:Present R:absent,84,4,4,0,False,2,2.517942,3.096456,0,-23.42324,1,1,1
2023-08-23,EC,L:Present R:absent,84,4,4,0,False,2,3.540542,4.197843,0,-100,0,0,1
2023-08-23,EC,L:Present R:absent,84,4,4,0,False,2,4.649951,5.308459,0,-24.96892,1,0,0
2023-08-23,EC,L:Present R:absent,85,4,5,0,False,2,4.649951,0.033494,0,-24.96892,1,0,0
2023-08-23,EC,L:Present R:absent,85,4,5,0,False,2,1.43243,2.120748,0,-24.8238,1,0,0
2023-08-23,EC,L:Present R:absent,85,4,5,0,False,2,2.361618,2.938953,0,-26.62293,1,0,0
2023-08-23,EC,L:Present R:absent,85,4,5,0,False,2,3.283777,3.817677,0,-22.25673,1,1,1
2023-08-23,EC,L:Present R:absent,86,4,6,0,False,2,3.283777,0.0110281,0,-22.25673,1,1,1
2023-08-23,EC,L:Present R:absent,86,4,6,0,False,2,1.665728,2.273351,0,-100,0,0,1
2023-08-23,EC,L:Present R:absent,86,4,6,0,False,2,2.58575,3.062882,0,-100,0,0,1
2023-08-23,EC,L:Present R:absent,86,4,6,0,False,2,3.50676,3.996276,0,-100,0,1,0
2023-08-23,EC,L:Present R:absent,86,4,6,0,False,2,4.428442,4.926647,0,-100,0,0,1
2023-08-23,EC,L:Present R:absent,87,4,7,0,False,2,4.428442,0.0223874,0,-100,0,0,1
2023-08-23,EC,L:Present R:absent,87,4,7,0,False,2,1.621213,2.20787,0,-27.03337,1,0,0
2023-08-23,EC,L:Present R:absent,87,4,7,0,False,2,2.539642,3.116354,0,-26.04646,1,1,1
2023-08-23,EC,L:Present R:absent,87,4,7,0,False,2,3.463345,4.064297,0,-100,0,1,0
2023-08-23,EC,L:Present R:absent,87,4,7,0,False,2,4.731807,-10,0,-25.51745,0,-10,0
2023-08-23,EC,L:Present R:absent,87,4,7,0,False,2,4.731807,5.894592,0,-25.51745,0,-10,0
2023-08-23,EC,L:Present R:absent,88,4,8,0,False,2,4.731807,0.0219618,0,-25.51745,0,-10,0
2023-08-23,EC,L:Present R:absent,88,4,8,0,False,2,1.743273,2.365338,0,-25.51745,1,0,0
2023-08-23,EC,L:Present R:absent,88,4,8,0,False,2,2.663579,3.317776,0,-26.88402,1,0,0
2023-08-23,EC,L:Present R:absent,88,4,8,0,False,2,3.58569,4.073869,0,-21.78305,1,1,1
2023-08-23,EC,L:Present R:absent,88,4,8,0,False,2,4.507147,5.106773,0,-25.51249,1,1,1
2023-08-23,EC,L:Present R:absent,89,4,9,0,False,2,4.507147,0.0113192,0,-25.51249,1,1,1
2023-08-23,EC,L:Present R:absent,89,4,9,0,False,2,1.576672,2.309287,0,-100,0,0,1
2023-08-23,EC,L:Present R:absent,89,4,9,0,False,2,2.497288,3.007852,0,-21.50524,1,0,0
2023-08-23,EC,L:Present R:absent,89,4,9,0,False,2,3.41869,4.240552,0,-100,0,0,1
2023-08-23,EC,L:Present R:absent,89,4,9,0,False,2,4.484957,4.982998,0,-21.64797,1,1,1
2023-08-23,EC,L:Present R:absent,90,4,10,0,False,2,4.484957,0.033762,0,-21.64797,1,1,1
2023-08-23,EC,L:Present R:absent,90,4,10,0,False,2,1.799575,2.392326,0,-25.51454,1,0,0
2023-08-23,EC,L:Present R:absent,90,4,10,0,False,2,2.717589,3.376853,0,-24.87395,1,0,0
2023-08-23,EC,L:Present R:absent,90,4,10,0,False,2,3.852592,4.620407,0,-26.01325,1,0,0
2023-08-23,EC,L:Present R:absent,90,4,10,0,False,2,5.297851,-10,0,-23.46281,1,-10,0
2023-08-23,EC,L:Present R:absent,90,4,10,0,False,2,5.297851,6.295471,0,-23.46281,1,-10,0
2023-08-23,EC,L:Present R:absent,91,4,11,0,False,2,5.297851,0.0110497,0,-23.46281,1,-10,0
2023-08-23,EC,L:Present R:absent,91,4,11,0,False,2,1.587973,2.287425,0,-23.46281,1,1,1
2023-08-23,EC,L:Present R:absent,91,4,11,0,False,2,2.508372,3.019183,0,-23.11915,1,1,1
2023-08-23,EC,L:Present R:absent,91,4,11,0,False,2,3.42976,4.042377,0,-25.40176,1,1,1
2023-08-23,EC,L:Present R:absent,91,4,11,0,False,2,4.440524,5.241933,0,-100,0,0,1
2023-08-23,EC,L:Present R:absent,92,4,12,0,False,2,4.440524,0.0223084,0,-100,0,0,1
2023-08-23,EC,L:Present R:absent,92,4,12,0,False,2,1.576798,2.209233,0,-22.46371,1,1,1
2023-08-23,EC,L:Present R:absent,92,4,12,0,False,2,2.496832,3.186642,0,-23.053,1,0,0
2023-08-23,EC,L:Present R:absent,92,4,12,0,False,2,3.418761,3.961295,0,-100,0,1,0
2023-08-23,EC,L:Present R:absent,92,4,12,0,False,2,4.338292,5.008305,0,-21.96959,1,1,1
2023-08-23,EC,L:Present R:absent,93,4,13,0,False,2,4.338292,0.0224134,0,-21.96959,1,1,1
2023-08-23,EC,L:Present R:absent,93,4,13,0,False,2,1.873258,2.695637,0,-26.71183,1,1,1
2023-08-23,EC,L:Present R:absent,93,4,13,0,False,2,2.793994,3.315475,0,-22.38799,1,1,1
2023-08-23,EC,L:Present R:absent,93,4,13,0,False,2,3.715633,4.170211,0,-26.62004,1,1,1
2023-08-23,EC,L:Present R:absent,93,4,13,0,False,2,4.940918,5.629519,0,-23.72354,1,1,1
2023-08-23,EC,L:Present R:absent,94,4,14,0,False,2,4.940918,0.0221923,0,-23.72354,1,1,1
2023-08-23,EC,L:Present R:absent,94,4,14,0,False,2,1.610569,2.354429,0,-100,0,1,0
2023-08-23,EC,L:Present R:absent,94,4,14,0,False,2,2.530726,3.187485,0,-27.05376,1,0,0
2023-08-23,EC,L:Present R:absent,94,4,14,0,False,2,3.450576,3.983158,0,-24.51491,1,1,1
2023-08-23,EC,L:Present R:absent,95,4,15,0,False,2,3.450576,0.0114408,0,-24.51491,1,1,1
2023-08-23,EC,L:Present R:absent,95,4,15,0,False,2,1.685872,2.352549,0,-26.55422,1,1,1
2023-08-23,EC,L:Present R:absent,95,4,15,0,False,2,2.606047,3.20945,0,-100,0,0,1
2023-08-23,EC,L:Present R:absent,95,4,15,0,False,2,3.530329,3.995959,0,-24.21061,1,1,1
2023-08-23,EC,L:Present R:absent,95,4,15,0,False,2,4.484171,5.074843,0,-100,0,1,0
2023-08-23,EC,L:Present R:absent,96,4,16,0,False,2,4.484171,0.0224481,0,-100,0,1,0
2023-08-23,EC,L:Present R:absent,96,4,16,0,False,2,1.821551,2.732337,0,-100,0,1,0
2023-08-23,EC,L:Present R:absent,96,4,16,0,False,2,2.74354,3.421065,0,-22.88901,1,0,0
2023-08-23,EC,L:Present R:absent,96,4,16,0,False,2,3.663955,4.083494,0,-22.27488,1,1,1
2023-08-23,EC,L:Present R:absent,96,4,16,0,False,2,4.583139,5.231259,0,-25.90673,1,0,0
2023-08-23,EC,L:Present R:absent,97,4,17,0,False,2,4.583139,0.0222759,0,-25.90673,1,0,0
2023-08-23,EC,L:Present R:absent,97,4,17,0,False,2,1.710346,2.331587,0,-100,0,0,1
2023-08-23,EC,L:Present R:absent,97,4,17,0,False,2,2.630291,3.39853,0,-25.04436,1,0,0
2023-08-23,EC,L:Present R:absent,97,4,17,0,False,2,3.664166,4.174444,0,-21.43253,1,1,1
2023-08-23,EC,L:Present R:absent,97,4,17,0,False,2,4.796868,5.363753,0,-100,0,0,1
2023-08-23,EC,L:Present R:absent,98,4,18,0,False,2,4.796868,0.0108381,0,-100,0,0,1
2023-08-23,EC,L:Present R:absent,98,4,18,0,False,2,1.788347,2.509874,0,-21.99457,1,1,1
2023-08-23,EC,L:Present R:absent,98,4,18,0,False,2,2.708349,3.276132,0,-22.94137,1,1,1
2023-08-23,EC,L:Present R:absent,98,4,18,0,False,2,3.630624,4.186072,0,-21.51458,1,1,1
2023-08-23,EC,L:Present R:absent,98,4,18,0,False,2,4.551317,5.028685,0,-100,0,1,0
2023-08-23,EC,L:Present R:absent,99,4,19,0,False,2,4.551317,0.0331804,0,-100,0,1,0
2023-08-23,EC,L:Present R:absent,99,4,19,0,False,2,1.788014,2.409753,0,-100,0,0,1
2023-08-23,EC,L:Present R:absent,99,4,19,0,False,2,2.707179,3.262211,0,-22.61726,1,1,1
2023-08-23,EC,L:Present R:absent,99,4,19,0,False,2,4.852839,5.564538,0,-100,0,0,1
2023-08-23,EC,L:Present R:absent,100,5,0,0,False,1,4.852839,0.0220821,0,-100,0,0,1
2023-08-23,EC,L:Present R:absent,100,5,0,0,False,1,1.531886,2.209651,0,-25.02369,1,0,0
2023-08-23,EC,L:Present R:absent,100,5,0,0,False,1,2.451812,3.152781,0,-26.72751,1,0,0
2023-08-23,EC,L:Present R:absent,100,5,0,0,False,1,3.373013,3.861828,0,-100,0,1,0
2023-08-23,EC,L:Present R:absent,100,5,0,0,False,1,4.306896,5.073658,0,-100,0,0,1
2023-08-23,EC,L:Present R:absent,101,5,1,0,False,1,4.306896,0.0223884,0,-100,0,0,1
2023-08-23,EC,L:Present R:absent,101,5,1,0,False,1,1.57667,2.298367,0,-100,0,0,1
2023-08-23,EC,L:Present R:absent,101,5,1,0,False,1,2.496727,3.086117,0,-24.68735,1,1,1
2023-08-23,EC,L:Present R:absent,101,5,1,0,False,1,3.416799,4.017067,0,-26.08588,1,0,0
2023-08-23,EC,L:Present R:absent,101,5,1,0,False,1,4.561768,5.20857,0,-100,0,0,1
2023-08-23,EC,L:Present R:absent,102,5,2,0,False,1,4.561768,0.0109904,0,-100,0,0,1
2023-08-23,EC,L:Present R:absent,102,5,2,0,False,1,1.976718,2.769707,0,-24.64526,1,1,1
2023-08-23,EC,L:Present R:absent,102,5,2,0,False,1,3.842815,4.60885,0,-27.42982,1,0,0
2023-08-23,EC,L:Present R:absent,102,5,2,0,False,1,5.293612,5.917975,0,-25.81553,1,1,1
2023-08-23,EC,L:Present R:absent,103,5,3,0,False,1,5.293612,0.0111545,0,-25.81553,1,1,1
2023-08-23,EC,L:Present R:absent,103,5,3,0,False,1,1.463086,2.086639,0,-28.07127,1,0,0
2023-08-23,EC,L:Present R:absent,103,5,3,0,False,1,2.386008,2.974747,0,-24.41939,1,0,0
2023-08-23,EC,L:Present R:absent,103,5,3,0,False,1,3.30585,3.987247,0,-100,0,0,1
2023-08-23,EC,L:Present R:absent,103,5,3,0,False,1,4.241697,5.120194,0,-100,0,0,1
2023-08-23,EC,L:Present R:absent,104,5,4,0,False,1,4.241697,0.0223968,0,-100,0,0,1
2023-08-23,EC,L:Present R:absent,104,5,4,0,False,1,1.766061,2.509625,0,-27.47627,1,0,0
2023-08-23,EC,L:Present R:absent,104,5,4,0,False,1,2.687244,3.397806,0,-100,0,0,1
2023-08-23,EC,L:Present R:absent,104,5,4,0,False,1,3.607629,4.16221,0,-25.59481,1,1,1
2023-08-23,EC,L:Present R:absent,104,5,4,0,False,1,4.529809,5.196115,0,-100,0,0,1
2023-08-23,EC,L:Present R:absent,105,5,5,0,False,1,4.529809,0.0111662,0,-100,0,0,1
2023-08-23,EC,L:Present R:absent,105,5,5,0,False,1,1.654769,2.330873,0,-29.22815,1,0,0
2023-08-23,EC,L:Present R:absent,105,5,5,0,False,1,2.574721,3.298425,0,-100,0,1,0
2023-08-23,EC,L:Present R:absent,105,5,5,0,False,1,3.496848,3.574515,0,-100,0,0,1
2023-08-23,EC,L:Present R:absent,105,5,5,0,False,1,4.531031,5.097143,0,-23.59139,1,1,1
2023-08-23,EC,L:Present R:absent,106,5,6,0,False,1,4.531031,0.0114178,0,-23.59139,1,1,1
2023-08-23,EC,L:Present R:absent,106,5,6,0,False,1,2.698627,3.409761,0,-26.09508,1,1,1
2023-08-23,EC,L:Present R:absent,106,5,6,0,False,1,3.619321,4.275291,0,-100,0,0,1
2023-08-23,EC,L:Present R:absent,106,5,6,0,False,1,4.541179,4.996664,0,-25.96585,1,1,1
2023-08-23,EC,L:Present R:absent,107,5,7,0,False,1,4.541179,0.0108783,0,-25.96585,1,1,1
2023-08-23,EC,L:Present R:absent,107,5,7,0,False,1,1.676354,2.44251,0,-26.40515,1,1,1
2023-08-23,EC,L:Present R:absent,107,5,7,0,False,1,2.596831,3.308852,0,-27.23884,1,1,1
2023-08-23,EC,L:Present R:absent,107,5,7,0,False,1,3.518127,4.097807,0,-100,0,0,1
2023-08-23,EC,L:Present R:absent,107,5,7,0,False,1,4.440671,5.063091,0,-26.52665,1,0,0
2023-08-23,EC,L:Present R:absent,108,5,8,0,False,1,4.440671,0.0111164,0,-26.52665,1,0,0
2023-08-23,EC,L:Present R:absent,108,5,8,0,False,1,1.961944,2.697948,0,-29.05441,1,1,1
2023-08-23,EC,L:Present R:absent,108,5,8,0,False,1,3.841511,4.564648,0,-26.6961,1,0,0
2023-08-23,EC,L:Present R:absent,108,5,8,0,False,1,5.2532,6.061247,0,-27.85595,1,0,0
2023-08-23,EC,L:Present R:absent,109,5,9,0,False,1,5.2532,0.022431,0,-27.85595,1,0,0
2023-08-23,EC,L:Present R:absent,109,5,9,0,False,1,1.543411,2.165289,0,-25.93493,1,0,0
2023-08-23,EC,L:Present R:absent,109,5,9,0,False,1,2.463728,3.210108,0,-25.56561,1,0,0
2023-08-23,EC,L:Present R:absent,109,5,9,0,False,1,4.308958,4.98641,0,-25.55844,1,1,1
2023-08-23,EC,L:Present R:absent,110,5,10,0,False,1,4.308958,0.0220928,0,-25.55844,1,1,1
2023-08-23,EC,L:Present R:absent,110,5,10,0,False,1,1.925356,2.720939,0,-26.32597,1,1,1
2023-08-23,EC,L:Present R:absent,110,5,10,0,False,1,2.843146,3.498768,0,-100,0,0,1
2023-08-23,EC,L:Present R:absent,110,5,10,0,False,1,3.762925,4.475788,0,-29.55942,1,0,0
2023-08-23,EC,L:Present R:absent,110,5,10,0,False,1,5.019517,5.819192,0,-27.09389,1,0,0
2023-08-23,EC,L:Present R:absent,111,5,11,0,False,1,5.019517,0.0222552,0,-27.09389,1,0,0
2023-08-23,EC,L:Present R:absent,111,5,11,0,False,1,1.743295,2.621954,0,-29.18337,1,0,0
2023-08-23,EC,L:Present R:absent,111,5,11,0,False,1,2.66646,3.49834,0,-27.8136,1,1,1
2023-08-23,EC,L:Present R:absent,111,5,11,0,False,1,3.82965,4.441854,0,-27.8423,1,0,0
2023-08-23,EC,L:Present R:absent,111,5,11,0,False,1,5.009003,5.709397,0,-27.39002,1,0,0
2023-08-23,EC,L:Present R:absent,112,5,12,0,False,1,5.009003,0.0334682,0,-27.39002,1,0,0
2023-08-23,EC,L:Present R:absent,112,5,12,0,False,1,1.732847,2.476392,0,-29.14137,1,0,0
2023-08-23,EC,L:Present R:absent,112,5,12,0,False,1,2.652497,3.346488,0,-100,0,0,1
2023-08-23,EC,L:Present R:absent,112,5,12,0,False,1,3.572498,4.196743,0,-24.83217,1,1,1
2023-08-23,EC,L:Present R:absent,112,5,12,0,False,1,4.49611,5.130238,0,-100,0,1,0
2023-08-23,EC,L:Present R:absent,113,5,13,0,False,1,4.49611,0.0109165,0,-100,0,1,0
2023-08-23,EC,L:Present R:absent,113,5,13,0,False,1,2.728766,3.454303,0,-25.81353,1,1,1
2023-08-23,EC,L:Present R:absent,113,5,13,0,False,1,3.650536,4.352083,0,-26.50511,1,1,1
2023-08-23,EC,L:Present R:absent,113,5,13,0,False,1,4.573628,5.253359,0,-28.37567,1,0,0
2023-08-23,EC,L:Present R:absent,114,5,14,0,False,1,4.573628,0.0332979,0,-28.37567,1,0,0
2023-08-23,EC,L:Present R:absent,114,5,14,0,False,1,1.696502,2.421236,0,-27.32576,1,1,1
2023-08-23,EC,L:Present R:absent,114,5,14,0,False,1,2.624903,3.218428,0,-100,0,1,0
2023-08-23,EC,L:Present R:absent,114,5,14,0,False,1,3.550246,4.107107,0,-24.90886,1,1,1
2023-08-23,EC,L:Present R:absent,114,5,14,0,False,1,4.473611,5.107704,0,-27.52613,1,1,1
2023-08-23,EC,L:Present R:absent,115,5,15,0,False,1,4.473611,0.0223591,0,-27.52613,1,1,1
2023-08-23,EC,L:Present R:absent,115,5,15,0,False,1,1.476884,2.08796,0,-24.58727,1,1,1
2023-08-23,EC,L:Present R:absent,115,5,15,0,False,1,2.397824,3.009544,0,-100,0,0,1
2023-08-23,EC,L:Present R:absent,115,5,15,0,False,1,3.318511,3.885205,0,-24.07842,1,1,1
2023-08-23,EC,L:Present R:absent,115,5,15,0,False,1,4.239698,4.761256,0,-28.27604,1,1,1
2023-08-23,EC,L:Present R:absent,116,5,16,0,False,1,4.239698,0.0223186,0,-28.27604,1,1,1
2023-08-23,EC,L:Present R:absent,116,5,16,0,False,1,1.721387,2.284715,0,-27.17751,1,1,1
2023-08-23,EC,L:Present R:absent,116,5,16,0,False,1,2.641789,3.165076,0,-27.44125,1,1,1
2023-08-23,EC,L:Present R:absent,116,5,16,0,False,1,3.563216,4.163218,0,-29.87088,1,1,1
2023-08-23,EC,L:Present R:absent,116,5,16,0,False,1,4.485147,5.361481,0,-29.1887,1,1,1
2023-08-23,EC,L:Present R:absent,117,5,17,0,False,1,4.485147,0.0110689,0,-29.1887,1,1,1
2023-08-23,EC,L:Present R:absent,117,5,17,0,False,1,1.707888,-10,0,-25.67107,1,-10,0
2023-08-23,EC,L:Present R:absent,117,5,17,0,False,1,2.631931,2.665395,0,-25.67107,1,0,0
2023-08-23,EC,L:Present R:absent,117,5,17,0,False,1,3.817574,4.405595,0,-24.80572,1,1,1
2023-08-23,EC,L:Present R:absent,117,5,17,0,False,1,4.906137,-10,0,-26.85013,1,-10,0
2023-08-23,EC,L:Present R:absent,117,5,17,0,False,1,4.906137,5.896564,0,-26.85013,1,-10,0
2023-08-23,EC,L:Present R:absent,118,5,18,0,False,1,4.906137,0.0220866,0,-26.85013,1,-10,0
2023-08-23,EC,L:Present R:absent,118,5,18,0,False,1,1.877597,2.58832,0,-100,0,0,1
2023-08-23,EC,L:Present R:absent,118,5,18,0,False,1,2.797611,3.397992,0,-26.85013,1,1,1
2023-08-23,EC,L:Present R:absent,118,5,18,0,False,1,3.71644,4.453205,0,-29.75657,1,1,1
2023-08-23,EC,L:Present R:absent,118,5,18,0,False,1,4.696555,5.608873,0,-28.92893,1,0,0
2023-08-23,EC,L:Present R:absent,119,5,19,0,False,1,4.696555,0.0332692,0,-28.92893,1,0,0
2023-08-23,EC,L:Present R:absent,119,5,19,0,False,1,1.643345,2.410071,0,-100,0,0,1
2023-08-23,EC,L:Present R:absent,119,5,19,0,False,1,3.48718,4.109513,0,-27.17194,1,0,0
2023-08-23,EC,L:Present R:absent,119,5,19,0,False,1,4.418538,5.074666,0,-25.70371,1,0,0
2023-08-23,EC,L:Present R:absent,120,6,0,0,False,1,4.418538,0.0108652,0,-25.70371,1,0,0
2023-08-23,EC,L:Present R:absent,120,6,0,0,False,1,1.809736,-10,0,-100,1,-10,0
2023-08-23,EC,L:Present R:absent,120,6,0,0,False,1,2.728405,3.049912,0,-27.26438,1,0,0
2023-08-23,EC,L:Present R:absent,120,6,0,0,False,1,3.652194,3.805811,0,-29.35226,1,1,1
2023-08-23,EC,L:Present R:absent,120,6,0,0,False,1,4.763938,5.519205,0,-25.68557,1,1,1
2023-08-23,EC,L:Present R:absent,121,6,1,0,False,1,4.763938,0.0333369,0,-25.68557,1,1,1
2023-08-23,EC,L:Present R:absent,121,6,1,0,False,1,1.755159,2.654655,0,-28.7824,1,0,0
2023-08-23,EC,L:Present R:absent,121,6,1,0,False,1,2.676602,3.22926,0,-29.51167,1,1,1
2023-08-23,EC,L:Present R:absent,121,6,1,0,False,1,3.595562,4.174002,0,-29.97835,1,1,1
2023-08-23,EC,L:Present R:absent,121,6,1,0,False,1,5.008787,-10,0,-100,1,-10,0
2023-08-23,EC,L:Present R:absent,121,6,1,0,False,1,5.008787,6.07315,0,-100,1,-10,0
2023-08-23,EC,L:Present R:absent,122,6,2,0,False,1,5.008787,0.0113193,0,-100,1,-10,0
2023-08-23,EC,L:Present R:absent,122,6,2,0,False,1,1.776725,2.421199,0,-100,0,0,1
2023-08-23,EC,L:Present R:absent,122,6,2,0,False,1,2.698357,3.307658,0,-25.43975,1,0,0
2023-08-23,EC,L:Present R:absent,122,6,2,0,False,1,4.961939,5.561649,0,-26.92559,1,0,0
2023-08-23,EC,L:Present R:absent,123,6,3,0,False,1,4.961939,0.0219423,0,-26.92559,1,0,0
2023-08-23,EC,L:Present R:absent,123,6,3,0,False,1,1.710276,2.287426,0,-27.07759,1,0,0
2023-08-23,EC,L:Present R:absent,123,6,3,0,False,1,2.630064,3.284736,0,-26.60649,1,1,1
2023-08-23,EC,L:Present R:absent,123,6,3,0,False,1,3.55205,4.197247,0,-26.62347,1,0,0
2023-08-23,EC,L:Present R:absent,123,6,3,0,False,1,4.830516,-10,0,-25.1941,1,-10,0
2023-08-23,EC,L:Present R:absent,123,6,3,0,False,1,4.830516,6.003767,0,-25.1941,1,-10,0
2023-08-23,EC,L:Present R:absent,124,6,4,0,False,1,4.830516,0.0364427,0,-25.1941,1,-10,0
2023-08-23,EC,L:Present R:absent,124,6,4,0,False,1,1.620098,2.298675,0,-25.1941,1,1,1
2023-08-23,EC,L:Present R:absent,124,6,4,0,False,1,2.543226,3.130018,0,-24.49848,1,1,1
2023-08-23,EC,L:Present R:absent,124,6,4,0,False,1,3.463337,3.940351,0,-25.60521,1,1,1
2023-08-23,EC,L:Present R:absent,124,6,4,0,False,1,4.495281,-10,0,-27.00116,1,-10,0
2023-08-23,EC,L:Present R:absent,124,6,4,0,False,1,4.495281,5.439475,0,-27.00116,1,-10,0
2023-08-23,EC,L:Present R:absent,125,6,5,0,False,1,4.495281,0.0369779,0,-27.00116,1,-10,0
2023-08-23,EC,L:Present R:absent,125,6,5,0,False,1,1.63239,2.332048,0,-27.00116,1,1,1
2023-08-23,EC,L:Present R:absent,125,6,5,0,False,1,2.552376,3.105635,0,-29.32629,1,1,1
2023-08-23,EC,L:Present R:absent,125,6,5,0,False,1,3.471448,3.949717,0,-100,0,1,0
2023-08-23,EC,L:Present R:absent,126,6,6,0,False,1,3.471448,0.0110541,0,-100,0,1,0
2023-08-23,EC,L:Present R:absent,126,6,6,0,False,1,2.667029,3.466498,0,-26.81188,1,1,1
2023-08-23,EC,L:Present R:absent,126,6,6,0,False,1,3.587297,4.220449,0,-100,0,0,1
2023-08-23,EC,L:Present R:absent,126,6,6,0,False,1,4.619567,5.309647,0,-29.19273,1,0,0
2023-08-23,EC,L:Present R:absent,127,6,7,0,False,1,4.619567,0.0439505,0,-29.19273,1,0,0
2023-08-23,EC,L:Present R:absent,127,6,7,0,False,1,1.820499,2.453701,0,-100,0,0,1
2023-08-23,EC,L:Present R:absent,127,6,7,0,False,1,2.740663,3.655982,0,-100,0,0,1
2023-08-23,EC,L:Present R:absent,127,6,7,0,False,1,3.664165,4.520177,0,-28.97955,1,0,0
2023-08-23,EC,L:Present R:absent,127,6,7,0,False,1,4.58613,5.407381,0,-28.2896,1,0,0
2023-08-23,EC,L:Present R:absent,128,6,8,0,False,1,4.58613,0.0333691,0,-28.2896,1,0,0
2023-08-23,EC,L:Present R:absent,128,6,8,0,False,1,1.965432,2.57655,0,-25.99543,1,1,1
2023-08-23,EC,L:Present R:absent,128,6,8,0,False,1,2.885626,3.51973,0,-24.84875,1,1,1
2023-08-23,EC,L:Present R:absent,128,6,8,0,False,1,3.874211,4.541477,0,-100,0,0,1
2023-08-23,EC,L:Present R:absent,128,6,8,0,False,1,5.108048,5.841418,0,-27.5724,1,0,0
2023-08-23,EC,L:Present R:absent,129,6,9,0,False,1,5.108048,0.0221365,0,-27.5724,1,0,0
2023-08-23,EC,L:Present R:absent,129,6,9,0,False,1,1.799291,2.430653,0,-24.90291,1,1,1
2023-08-23,EC,L:Present R:absent,129,6,9,0,False,1,2.719365,3.342062,0,-29.23442,1,1,1
2023-08-23,EC,L:Present R:absent,129,6,9,0,False,1,3.641174,4.218489,0,-28.20143,1,1,1
2023-08-23,EC,L:Present R:absent,129,6,9,0,False,1,4.561021,5.149896,0,-25.29021,1,1,1
2023-08-23,EC,L:Present R:absent,130,6,10,0,False,1,4.561021,0.036127,0,-25.29021,1,1,1
2023-08-23,EC,L:Present R:absent,130,6,10,0,False,1,1.676759,2.29882,0,-100,0,0,1
2023-08-23,EC,L:Present R:absent,130,6,10,0,False,1,2.596433,-10,0,-100,0,-10,0
2023-08-23,EC,L:Present R:absent,130,6,10,0,False,1,3.520301,3.553933,0,-100,0,0,1
2023-08-23,EC,L:Present R:absent,130,6,10,0,False,1,4.441655,5.153094,0,-26.74316,1,1,1
2023-08-23,EC,L:Present R:absent,131,6,11,0,False,1,4.441655,0.0218207,0,-26.74316,1,1,1
2023-08-23,EC,L:Present R:absent,131,6,11,0,False,1,1.486779,2.177203,0,-100,0,0,1
2023-08-23,EC,L:Present R:absent,131,6,11,0,False,1,2.407588,3.007806,0,-29.19818,1,1,1
2023-08-23,EC,L:Present R:absent,131,6,11,0,False,1,3.329098,3.964013,0,-29.05395,1,1,1
2023-08-23,EC,L:Present R:absent,131,6,11,0,False,1,4.250912,5.152521,0,-26.51091,1,0,0
2023-08-23,EC,L:Present R:absent,132,6,12,0,False,1,4.250912,0.0332412,0,-26.51091,1,0,0
2023-08-23,EC,L:Present R:absent,132,6,12,0,False,1,1.59914,2.187554,0,-100,0,0,1
2023-08-23,EC,L:Present R:absent,132,6,12,0,False,1,2.520297,3.041017,0,-29.70962,1,1,1
2023-08-23,EC,L:Present R:absent,132,6,12,0,False,1,3.440195,3.985604,0,-25.30924,1,1,1
2023-08-23,EC,L:Present R:absent,132,6,12,0,False,1,4.418947,5.075948,0,-100,0,0,1
2023-08-23,EC,L:Present R:absent,133,6,13,0,False,1,4.418947,0.0222699,0,-100,0,0,1
2023-08-23,EC,L:Present R:absent,133,6,13,0,False,1,1.819142,2.40712,0,-100,0,0,1
2023-08-23,EC,L:Present R:absent,133,6,13,0,False,1,2.740715,3.194769,0,-25.13815,1,1,1
2023-08-23,EC,L:Present R:absent,133,6,13,0,False,1,3.661997,4.249925,0,-28.55976,1,0,0
2023-08-23,EC,L:Present R:absent,133,6,13,0,False,1,4.796276,5.528799,0,-27.7168,1,1,1
2023-08-23,EC,L:Present R:absent,134,6,14,0,False,1,4.796276,0.0329026,0,-27.7168,1,1,1
2023-08-23,EC,L:Present R:absent,134,6,14,0,False,1,1.655191,2.255199,0,-27.9401,1,0,0
2023-08-23,EC,L:Present R:absent,134,6,14,0,False,1,2.574927,3.029191,0,-100,0,1,0
2023-08-23,EC,L:Present R:absent,134,6,14,0,False,1,3.564481,4.359392,0,-29.09747,1,1,1
2023-08-23,EC,L:Present R:absent,134,6,14,0,False,1,4.883606,5.630922,0,-28.5969,1,0,0
2023-08-23,EC,L:Present R:absent,135,6,15,0,False,1,4.883606,0.0333448,0,-28.5969,1,0,0
2023-08-23,EC,L:Present R:absent,135,6,15,0,False,1,1.665998,2.465653,0,-25.46108,1,1,1
2023-08-23,EC,L:Present R:absent,135,6,15,0,False,1,2.584038,3.387472,0,-28.86919,1,1,1
2023-08-23,EC,L:Present R:absent,135,6,15,0,False,1,3.718687,4.41974,0,-25.93633,1,1,1
2023-08-23,EC,L:Present R:absent,135,6,15,0,False,1,4.941199,5.528523,0,-25.60849,1,1,1
2023-08-23,EC,L:Present R:absent,136,6,16,0,False,1,4.941199,0.0112623,0,-25.60849,1,1,1
2023-08-23,EC,L:Present R:absent,136,6,16,0,False,1,1.73283,2.477,0,-29.17744,1,1,1
2023-08-23,EC,L:Present R:absent,136,6,16,0,False,1,2.655714,3.432712,0,-24.92489,1,1,1
2023-08-23,EC,L:Present R:absent,136,6,16,0,False,1,4.609136,5.397603,0,-28.15203,1,0,0
2023-08-23,EC,L:Present R:absent,137,6,17,0,False,1,4.609136,0.0327848,0,-28.15203,1,0,0
2023-08-23,EC,L:Present R:absent,137,6,17,0,False,1,1.743455,2.498645,0,-100,0,0,1
2023-08-23,EC,L:Present R:absent,137,6,17,0,False,1,2.665592,3.564531,0,-100,0,0,1
2023-08-23,EC,L:Present R:absent,137,6,17,0,False,1,3.586766,4.252887,0,-24.57916,1,1,1
2023-08-23,EC,L:Present R:absent,137,6,17,0,False,1,4.507049,5.364521,0,-100,0,0,1
2023-08-23,EC,L:Present R:absent,138,6,18,0,False,1,4.507049,0.0111752,0,-100,0,0,1
2023-08-23,EC,L:Present R:absent,138,6,18,0,False,1,1.610206,2.36534,0,-29.1115,1,1,1
2023-08-23,EC,L:Present R:absent,138,6,18,0,False,1,2.527481,3.284635,0,-100,0,1,0
2023-08-23,EC,L:Present R:absent,138,6,18,0,False,1,3.449823,4.084607,0,-28.28491,1,0,0
2023-08-23,EC,L:Present R:absent,138,6,18,0,False,1,4.372825,4.893664,0,-100,0,1,0
2023-08-23,EC,L:Present R:absent,139,6,19,0,False,1,4.372825,0.0221438,0,-100,0,1,0
2023-08-23,EC,L:Present R:absent,139,6,19,0,False,1,1.641917,2.363448,0,-27.92691,1,1,1
2023-08-23,EC,L:Present R:absent,139,6,19,0,False,1,2.56209,3.22054,0,-100,0,1,0
2023-08-23,EC,L:Present R:absent,139,6,19,0,False,1,3.641374,4.386688,0,-28.95824,1,1,1
2023-08-23,EC,L:Present R:absent,139,6,19,0,False,1,4.85258,-10,0,-27.35776,1,-10,0
2023-08-23,EC,L:Present R:absent,139,6,19,0,False,1,4.85258,6.050123,0,-27.35776,1,-10,0
2023-08-23,EC,L:Present R:absent,140,7,0,0,False,1,4.85258,0.0336145,0,-27.35776,1,-10,0
2023-08-23,EC,L:Present R:absent,140,7,0,0,False,1,1.677735,2.488022,0,-100,0,0,1
2023-08-23,EC,L:Present R:absent,140,7,0,0,False,1,2.599031,3.176199,0,-27.35776,1,1,1
2023-08-23,EC,L:Present R:absent,140,7,0,0,False,1,3.518454,4.095762,0,-28.13837,1,1,1
2023-08-23,EC,L:Present R:absent,140,7,0,0,False,1,4.563539,5.285779,0,-27.76192,1,0,0
2023-08-23,EC,L:Present R:absent,141,7,1,0,False,1,4.563539,0.0112745,0,-27.76192,1,0,0
2023-08-23,EC,L:Present R:absent,141,7,1,0,False,1,1.687795,2.354418,0,-100,0,0,1
2023-08-23,EC,L:Present R:absent,141,7,1,0,False,1,2.607682,3.43119,0,-28.682,1,0,0
2023-08-23,EC,L:Present R:absent,141,7,1,0,False,1,3.530048,4.309109,0,-29.82217,1,0,0
2023-08-23,EC,L:Present R:absent,141,7,1,0,False,1,4.540576,5.24069,0,-28.55386,1,0,0
2023-08-23,EC,L:Present R:absent,142,7,2,0,False,1,4.540576,0.0222042,0,-28.55386,1,0,0
2023-08-23,EC,L:Present R:absent,142,7,2,0,False,1,1.732749,2.399094,0,-100,0,0,1
2023-08-23,EC,L:Present R:absent,142,7,2,0,False,1,2.652635,3.276192,0,-100,0,0,1
2023-08-23,EC,L:Present R:absent,142,7,2,0,False,1,3.574468,4.264965,0,-26.98891,1,0,0
2023-08-23,EC,L:Present R:absent,142,7,2,0,False,1,4.495835,5.219663,0,-100,0,0,1
2023-08-23,EC,L:Present R:absent,143,7,3,0,False,1,4.495835,0.0220917,0,-100,0,0,1
2023-08-23,EC,L:Present R:absent,143,7,3,0,False,1,1.498664,2.15389,0,-100,0,0,1
2023-08-23,EC,L:Present R:absent,143,7,3,0,False,1,2.417707,3.008282,0,-29.03872,1,0,0
2023-08-23,EC,L:Present R:absent,143,7,3,0,False,1,3.339631,4.120018,0,-100,0,1,0
2023-08-23,EC,L:Present R:absent,143,7,3,0,False,1,4.262359,4.840462,0,-100,0,0,1
2023-08-23,EC,L:Present R:absent,144,7,4,0,False,1,4.262359,0.0112299,0,-100,0,0,1
2023-08-23,EC,L:Present R:absent,144,7,4,0,False,1,1.632495,2.242849,0,-29.41371,1,0,0
2023-08-23,EC,L:Present R:absent,144,7,4,0,False,1,2.552705,3.129259,0,-28.5009,1,1,1
2023-08-23,EC,L:Present R:absent,144,7,4,0,False,1,3.472487,4.074162,0,-100,0,1,0
2023-08-23,EC,L:Present R:absent,144,7,4,0,False,1,4.563281,5.230221,0,-100,0,0,1
2023-08-23,EC,L:Present R:absent,145,7,5,0,False,1,4.563281,0.0220253,0,-100,0,0,1
2023-08-23,EC,L:Present R:absent,145,7,5,0,False,1,1.865867,2.585506,0,-25.36089,1,0,0
2023-08-23,EC,L:Present R:absent,145,7,5,0,False,1,2.784273,3.409224,0,-100,0,0,1
2023-08-23,EC,L:Present R:absent,145,7,5,0,False,1,3.707562,4.396572,0,-29.10055,1,0,0
2023-08-23,EC,L:Present R:absent,145,7,5,0,False,1,5.042244,5.663829,0,-24.54623,1,1,1
2023-08-23,EC,L:Present R:absent,146,7,6,0,False,1,5.042244,0.0111155,0,-24.54623,1,1,1
2023-08-23,EC,L:Present R:absent,146,7,6,0,False,1,1.932366,2.684506,0,-26.98848,1,1,1
2023-08-23,EC,L:Present R:absent,146,7,6,0,False,1,2.850236,3.697796,0,-28.01408,1,1,1
2023-08-23,EC,L:Present R:absent,146,7,6,0,False,1,3.786796,4.520245,0,-28.56961,1,0,0
2023-08-23,EC,L:Present R:absent,146,7,6,0,False,1,5.19789,5.941612,0,-24.57318,1,1,1
2023-08-23,EC,L:Present R:absent,147,7,7,0,False,1,5.19789,0.0220041,0,-24.57318,1,1,1
2023-08-23,EC,L:Present R:absent,147,7,7,0,False,1,1.532246,2.220833,0,-25.8473,1,1,1
2023-08-23,EC,L:Present R:absent,147,7,7,0,False,1,2.452708,3.03158,0,-26.97857,1,1,1
2023-08-23,EC,L:Present R:absent,147,7,7,0,False,1,3.374623,4.119812,0,-26.29077,1,1,1
2023-08-23,EC,L:Present R:absent,147,7,7,0,False,1,4.297882,5.108394,0,-29.00722,1,1,1
2023-08-23,EC,L:Present R:absent,148,7,8,0,False,1,4.297882,0.0218209,0,-29.00722,1,1,1
2023-08-23,EC,L:Present R:absent,148,7,8,0,False,1,1.687364,2.419446,0,-26.86829,1,1,1
2023-08-23,EC,L:Present R:absent,148,7,8,0,False,1,2.607349,3.308221,0,-28.06558,1,0,0
2023-08-23,EC,L:Present R:absent,148,7,8,0,False,1,3.529996,4.085166,0,-100,0,1,0
2023-08-23,EC,L:Present R:absent,149,7,9,0,False,1,3.529996,0.0218966,0,-100,0,1,0
2023-08-23,EC,L:Present R:absent,149,7,9,0,False,1,1.498918,2.175448,0,-28.21817,1,0,0
2023-08-23,EC,L:Present R:absent,149,7,9,0,False,1,2.419039,2.985227,0,-25.85854,1,1,1
2023-08-23,EC,L:Present R:absent,149,7,9,0,False,1,3.341179,3.929365,0,-24.16857,1,1,1
2023-08-23,EC,L:Present R:absent,149,7,9,0,False,1,4.261593,4.986113,0,-100,0,1,0
2023-08-23,EC,L:Present R:absent,150,7,10,0,False,1,4.261593,0.0368535,0,-100,0,1,0
2023-08-23,EC,L:Present R:absent,150,7,10,0,False,1,1.932101,2.575128,0,-24.23753,1,1,1
2023-08-23,EC,L:Present R:absent,150,7,10,0,False,1,2.852643,3.361366,0,-26.63114,1,1,1
2023-08-23,EC,L:Present R:absent,150,7,10,0,False,1,3.783998,4.293886,0,-24.74752,1,1,1
2023-08-23,EC,L:Present R:absent,150,7,10,0,False,1,5.153327,5.963793,0,-100,0,0,1
2023-08-23,EC,L:Present R:absent,151,7,11,0,False,1,5.153327,0.0221008,0,-100,0,0,1
2023-08-23,EC,L:Present R:absent,151,7,11,0,False,1,1.809675,2.642688,0,-100,0,0,1
2023-08-23,EC,L:Present R:absent,151,7,11,0,False,1,2.731328,3.398,0,-100,0,0,1
2023-08-23,EC,L:Present R:absent,151,7,11,0,False,1,3.651885,4.174499,0,-25.10407,1,1,1
2023-08-23,EC,L:Present R:absent,151,7,11,0,False,1,4.841906,5.65231,0,-29.45579,1,0,0
2023-08-23,EC,L:Present R:absent,152,7,12,0,False,1,4.841906,0.0221023,0,-29.45579,1,0,0
2023-08-23,EC,L:Present R:absent,152,7,12,0,False,1,1.787314,2.554269,0,-29.9236,1,0,0
2023-08-23,EC,L:Present R:absent,152,7,12,0,False,1,2.707811,-10,0,-100,1,-10,0
2023-08-23,EC,L:Present R:absent,152,7,12,0,False,1,3.631267,3.842515,0,-100,0,0,1
2023-08-23,EC,L:Present R:absent,153,7,13,0,False,1,3.631267,0.0112336,0,-100,0,0,1
2023-08-23,EC,L:Present R:absent,153,7,13,0,False,1,1.766848,2.442779,0,-25.41373,1,1,1
2023-08-23,EC,L:Present R:absent,153,7,13,0,False,1,2.685289,3.297909,0,-27.62309,1,1,1
2023-08-23,EC,L:Present R:absent,153,7,13,0,False,1,3.607223,4.241818,0,-27.0201,1,1,1
2023-08-23,EC,L:Present R:absent,153,7,13,0,False,1,4.942151,5.564017,0,-27.36339,1,0,0
2023-08-23,EC,L:Present R:absent,154,7,14,0,False,1,4.942151,0.0331578,0,-27.36339,1,0,0
2023-08-23,EC,L:Present R:absent,154,7,14,0,False,1,1.776426,2.476563,0,-28.82763,1,0,0
2023-08-23,EC,L:Present R:absent,154,7,14,0,False,1,2.69418,3.260772,0,-29.45184,1,1,1
2023-08-23,EC,L:Present R:absent,154,7,14,0,False,1,3.618297,4.229908,0,-26.73859,1,0,0
2023-08-23,EC,L:Present R:absent,154,7,14,0,False,1,4.539272,5.430767,0,-100,0,1,0
2023-08-23,EC,L:Present R:absent,155,7,15,0,False,1,4.539272,0.0111562,0,-100,0,1,0
2023-08-23,EC,L:Present R:absent,155,7,15,0,False,1,2.565036,3.19852,0,-27.59884,1,0,0
2023-08-23,EC,L:Present R:absent,155,7,15,0,False,1,3.485404,4.029067,0,-24.33425,1,0,0
2023-08-23,EC,L:Present R:absent,155,7,15,0,False,1,4.40568,5.100482,0,-28.45183,1,1,1
2023-08-23,EC,L:Present R:absent,156,7,16,0,False,1,4.40568,0.0329788,0,-28.45183,1,1,1
2023-08-23,EC,L:Present R:absent,156,7,16,0,False,1,1.776419,2.409354,0,-28.75237,1,0,0
2023-08-23,EC,L:Present R:absent,156,7,16,0,False,1,2.695734,3.331297,0,-100,0,1,0
2023-08-23,EC,L:Present R:absent,156,7,16,0,False,1,3.763127,4.342027,0,-25.24987,1,1,1
2023-08-23,EC,L:Present R:absent,156,7,16,0,False,1,4.986088,5.905483,0,-25.24987,1,1,1
2023-08-23,EC,L:Present R:absent,156,7,16,0,False,1,4.986088,-10,0,-100,1,-10,0
2023-08-23,EC,L:Present R:absent,157,7,17,0,False,1,4.986088,0.0112786,0,-100,1,-10,0
2023-08-23,EC,L:Present R:absent,157,7,17,0,False,1,1.96411,2.584897,0,-100,0,0,1
2023-08-23,EC,L:Present R:absent,157,7,17,0,False,1,2.884438,3.473928,0,-24.80421,1,1,1
2023-08-23,EC,L:Present R:absent,157,7,17,0,False,1,3.827873,4.463018,0,-100,0,0,1
2023-08-23,EC,L:Present R:absent,157,7,17,0,False,1,5.151847,5.929687,0,-27.3915,1,1,1
2023-08-23,EC,L:Present R:absent,158,7,18,0,False,1,5.151847,0.0333294,0,-27.3915,1,1,1
2023-08-23,EC,L:Present R:absent,158,7,18,0,False,1,1.673572,2.33045,0,-26.56116,1,0,0
2023-08-23,EC,L:Present R:absent,158,7,18,0,False,1,2.595271,3.164359,0,-25.14776,1,1,1
2023-08-23,EC,L:Present R:absent,158,7,18,0,False,1,3.519246,4.175642,0,-26.90933,1,0,0
2023-08-23,EC,L:Present R:absent,158,7,18,0,False,1,4.574224,5.071283,0,-100,0,1,0
2023-08-23,EC,L:Present R:absent,159,7,19,0,False,1,4.574224,0.0333448,0,-100,0,1,0
2023-08-23,EC,L:Present R:absent,159,7,19,0,False,1,1.577014,2.343319,0,-25.30478,1,1,1
2023-08-23,EC,L:Present R:absent,159,7,19,0,False,1,2.497047,3.187385,0,-28.17467,1,1,1
2023-08-23,EC,L:Present R:absent,159,7,19,0,False,1,3.418929,3.962151,0,-25.77931,1,1,1
2023-08-23,EC,L:Present R:absent,160,8,0,0,False,1,3.418929,0.0333642,0,-25.77931,1,1,1
2023-08-23,EC,L:Present R:absent,160,8,0,0,False,1,1.754395,2.509514,0,-100,0,0,1
2023-08-23,EC,L:Present R:absent,160,8,0,0,False,1,2.676029,3.327819,0,-25.09502,1,0,0
2023-08-23,EC,L:Present R:absent,160,8,0,0,False,1,3.593736,4.072006,0,-24.8056,1,1,1
2023-08-23,EC,L:Present R:absent,160,8,0,0,False,1,4.616222,5.330448,0,-28.73632,1,0,0
2023-08-23,EC,L:Present R:absent,161,8,1,0,False,1,4.616222,0.0220071,0,-28.73632,1,0,0
2023-08-23,EC,L:Present R:absent,161,8,1,0,False,1,1.820831,2.465378,0,-24.22857,1,1,1
2023-08-23,EC,L:Present R:absent,161,8,1,0,False,1,2.741269,3.364913,0,-100,0,0,1
2023-08-23,EC,L:Present R:absent,161,8,1,0,False,1,3.663282,4.184418,0,-25.90785,1,1,1
2023-08-23,EC,L:Present R:absent,161,8,1,0,False,1,4.707016,5.251991,0,-25.4772,1,1,1
2023-08-23,EC,L:Present R:absent,162,8,2,0,False,1,4.707016,0.0331166,0,-25.4772,1,1,1
2023-08-23,EC,L:Present R:absent,162,8,2,0,False,1,1.799002,2.598543,0,-28.2269,1,1,1
2023-08-23,EC,L:Present R:absent,162,8,2,0,False,1,2.71866,3.310174,0,-100,0,1,0
2023-08-23,EC,L:Present R:absent,162,8,2,0,False,1,3.65129,4.160758,0,-25.09742,1,1,1
2023-08-23,EC,L:Present R:absent,162,8,2,0,False,1,4.997463,5.59615,0,-27.75528,1,0,0
2023-08-23,EC,L:Present R:absent,163,8,3,0,False,1,4.997463,0.0221258,0,-27.75528,1,0,0
2023-08-23,EC,L:Present R:absent,163,8,3,0,False,1,1.698958,2.585234,0,-26.944,1,1,1
2023-08-23,EC,L:Present R:absent,163,8,3,0,False,1,2.629752,3.507635,0,-100,0,1,0
2023-08-23,EC,L:Present R:absent,163,8,3,0,False,1,3.552726,4.298093,0,-100,0,0,1
2023-08-23,EC,L:Present R:absent,164,8,4,0,False,1,3.552726,0.0222019,0,-100,0,0,1
2023-08-23,EC,L:Present R:absent,164,8,4,0,False,1,1.55546,2.309925,0,-26.91912,1,0,0
2023-08-23,EC,L:Present R:absent,164,8,4,0,False,1,3.398338,4.131194,0,-29.75581,1,0,0
2023-08-23,EC,L:Present R:absent,164,8,4,0,False,1,4.316481,5.052711,0,-27.3619,1,1,1
2023-08-23,EC,L:Present R:absent,165,8,5,0,False,1,4.316481,0.0221785,0,-27.3619,1,1,1
2023-08-23,EC,L:Present R:absent,165,8,5,0,False,1,1.795736,2.663745,0,-100,0,0,1
2023-08-23,EC,L:Present R:absent,165,8,5,0,False,1,3.629875,4.229011,0,-25.92747,1,0,0
2023-08-23,EC,L:Present R:absent,165,8,5,0,False,1,4.571414,5.453179,0,-27.56366,1,0,0
2023-08-23,EC,L:Present R:absent,166,8,6,0,False,1,4.571414,0.0111462,0,-27.56366,1,0,0
2023-08-23,EC,L:Present R:absent,166,8,6,0,False,1,1.543388,2.152003,0,-100,0,0,1
2023-08-23,EC,L:Present R:absent,166,8,6,0,False,1,2.461443,3.0602,0,-100,0,0,1
2023-08-23,EC,L:Present R:absent,166,8,6,0,False,1,3.385228,-10,0,-100,0,-10,0
2023-08-23,EC,L:Present R:absent,166,8,6,0,False,1,4.308779,4.47355,0,-26.33525,1,0,0
2023-08-23,EC,L:Present R:absent,167,8,7,0,False,1,4.308779,0.0222628,0,-26.33525,1,0,0
2023-08-23,EC,L:Present R:absent,167,8,7,0,False,1,1.521682,2.085467,0,-28.28173,1,0,0
2023-08-23,EC,L:Present R:absent,167,8,7,0,False,1,2.442281,3.231656,0,-100,0,0,1
2023-08-23,EC,L:Present R:absent,167,8,7,0,False,1,3.363471,4.086828,0,-100,0,1,0
2023-08-23,EC,L:Present R:absent,167,8,7,0,False,1,4.28595,4.929435,0,-27.7388,1,0,0
2023-08-23,EC,L:Present R:absent,168,8,8,0,False,1,4.28595,0.0220728,0,-27.7388,1,0,0
2023-08-23,EC,L:Present R:absent,168,8,8,0,False,1,1.743794,2.387789,0,-100,0,1,0
2023-08-23,EC,L:Present R:absent,168,8,8,0,False,1,2.664011,3.331339,0,-26.58069,1,0,0
2023-08-23,EC,L:Present R:absent,168,8,8,0,False,1,3.718893,-10,0,-100,1,-10,0
2023-08-23,EC,L:Present R:absent,168,8,8,0,False,1,3.718893,4.672722,0,-100,1,-10,0
2023-08-23,EC,L:Present R:absent,168,8,8,0,False,1,4.816846,5.631206,0,-100,0,0,1
2023-08-23,EC,L:Present R:absent,169,8,9,0,False,1,4.816846,0.0331404,0,-100,0,0,1
2023-08-23,EC,L:Present R:absent,169,8,9,0,False,1,1.786892,2.665197,0,-28.61753,1,0,0
2023-08-23,EC,L:Present R:absent,169,8,9,0,False,1,2.70951,3.309243,0,-29.05233,1,1,1
2023-08-23,EC,L:Present R:absent,169,8,9,0,False,1,3.630035,4.11728,0,-26.2088,1,1,1
2023-08-23,EC,L:Present R:absent,169,8,9,0,False,1,4.685373,5.195694,0,-28.19349,1,1,1
2023-08-23,EC,L:Present R:absent,170,8,10,0,False,1,4.685373,0.0107563,0,-28.19349,1,1,1
2023-08-23,EC,L:Present R:absent,170,8,10,0,False,1,1.832228,2.531569,0,-29.32455,1,1,1
2023-08-23,EC,L:Present R:absent,170,8,10,0,False,1,2.75243,3.229469,0,-28.59617,1,1,1
2023-08-23,EC,L:Present R:absent,170,8,10,0,False,1,3.673587,4.22893,0,-100,0,1,0
2023-08-23,EC,L:Present R:absent,170,8,10,0,False,1,4.639324,5.419185,0,-100,0,0,1
2023-08-23,EC,L:Present R:absent,171,8,11,0,False,1,4.639324,0.0111234,0,-100,0,0,1
2023-08-23,EC,L:Present R:absent,171,8,11,0,False,1,1.743341,2.443407,0,-28.10791,1,0,0
2023-08-23,EC,L:Present R:absent,171,8,11,0,False,1,3.587,4.253828,0,-25.0071,1,1,1
2023-08-23,EC,L:Present R:absent,171,8,11,0,False,1,4.818626,5.663703,0,-100,0,0,1
2023-08-23,EC,L:Present R:absent,172,8,12,0,False,1,4.818626,0.0111374,0,-100,0,0,1
2023-08-23,EC,L:Present R:absent,172,8,12,0,False,1,1.821107,2.441772,0,-25.96908,1,1,1
2023-08-23,EC,L:Present R:absent,172,8,12,0,False,1,2.7415,3.284706,0,-25.02493,1,1,1
2023-08-23,EC,L:Present R:absent,172,8,12,0,False,1,3.662523,4.250329,0,-26.89585,1,1,1
2023-08-23,EC,L:Present R:absent,172,8,12,0,False,1,4.582638,5.115331,0,-24.82214,1,1,1
2023-08-23,EC,L:Present R:absent,173,8,13,0,False,1,4.582638,0.0443247,0,-24.82214,1,1,1
2023-08-23,EC,L:Present R:absent,173,8,13,0,False,1,1.976374,2.631108,0,-100,0,0,1
2023-08-23,EC,L:Present R:absent,173,8,13,0,False,1,2.896826,3.564665,0,-25.66918,1,0,0
2023-08-23,EC,L:Present R:absent,173,8,13,0,False,1,3.818644,4.530355,0,-100,0,1,0
2023-08-23,EC,L:Present R:absent,173,8,13,0,False,1,5.10754,5.819487,0,-28.74391,1,1,1
2023-08-23,EC,L:Present R:absent,174,8,14,0,False,1,5.10754,0.022229,0,-28.74391,1,1,1
2023-08-23,EC,L:Present R:absent,174,8,14,0,False,1,1.487858,2.098892,0,-100,0,0,1
2023-08-23,EC,L:Present R:absent,174,8,14,0,False,1,2.407881,3.064675,0,-28.10675,1,0,0
2023-08-23,EC,L:Present R:absent,174,8,14,0,False,1,3.329709,3.874717,0,-25.76592,1,1,1
2023-08-23,EC,L:Present R:absent,175,8,15,0,False,1,3.329709,0.0223784,0,-25.76592,1,1,1
2023-08-23,EC,L:Present R:absent,175,8,15,0,False,1,1.621077,2.209576,0,-100,0,0,1
2023-08-23,EC,L:Present R:absent,175,8,15,0,False,1,2.541181,3.164629,0,-26.12039,1,1,1
2023-08-23,EC,L:Present R:absent,175,8,15,0,False,1,3.463009,4.153144,0,-100,0,0,1
2023-08-23,EC,L:Present R:absent,175,8,15,0,False,1,4.707648,5.374503,0,-29.57797,1,1,1
2023-08-23,EC,L:Present R:absent,176,8,16,0,False,1,4.707648,0.0331142,0,-29.57797,1,1,1
2023-08-23,EC,L:Present R:absent,176,8,16,0,False,1,1.564957,2.231383,0,-25.41084,1,1,1
2023-08-23,EC,L:Present R:absent,176,8,16,0,False,1,2.486397,3.10953,0,-27.017,1,1,1
2023-08-23,EC,L:Present R:absent,176,8,16,0,False,1,3.407969,3.983003,0,-28.98243,1,1,1
2023-08-23,EC,L:Present R:absent,176,8,16,0,False,1,4.327523,5.019737,0,-30.05968,1,1,1
2023-08-23,EC,L:Present R:absent,177,8,17,0,False,1,4.327523,0.0337444,0,-30.05968,1,1,1
2023-08-23,EC,L:Present R:absent,177,8,17,0,False,1,1.832584,2.632245,0,-27.9403,1,1,1
2023-08-23,EC,L:Present R:absent,177,8,17,0,False,1,2.754379,3.509324,0,-29.13865,1,0,0
2023-08-23,EC,L:Present R:absent,177,8,17,0,False,1,3.674876,4.331593,0,-100,0,1,0
2023-08-23,EC,L:Present R:absent,177,8,17,0,False,1,4.716938,5.453196,0,-27.39905,1,0,0
2023-08-23,EC,L:Present R:absent,178,8,18,0,False,1,4.716938,0.0223525,0,-27.39905,1,0,0
2023-08-23,EC,L:Present R:absent,178,8,18,0,False,1,1.654957,2.387829,0,-26.58969,1,0,0
2023-08-23,EC,L:Present R:absent,178,8,18,0,False,1,2.575995,3.398087,0,-26.07244,1,1,1
2023-08-23,EC,L:Present R:absent,178,8,18,0,False,1,3.498669,4.138633,0,-27.58776,1,1,1
2023-08-23,EC,L:Present R:absent,178,8,18,0,False,1,4.418216,5.153124,0,-29.83435,1,1,1
2023-08-23,EC,L:Present R:absent,179,8,19,0,False,1,4.418216,0.0333979,0,-29.83435,1,1,1
2023-08-23,EC,L:Present R:absent,179,8,19,0,False,1,1.675853,2.432244,0,-30.11912,1,0,0
2023-08-23,EC,L:Present R:absent,179,8,19,0,False,1,2.601314,3.172344,0,-24.91753,1,1,1
2023-08-23,EC,L:Present R:absent,179,8,19,0,False,1,3.525945,4.151013,0,-100,0,0,1
2023-08-23,EC,L:Present R:absent,179,8,19,0,False,1,4.506735,5.296433,0,-100,0,1,0
2023-08-23,EC,L:Present R:absent,180,9,0,0,False,2,4.506735,0.0109995,0,-100,0,1,0
2023-08-23,EC,L:Present R:absent,180,9,0,0,False,2,1.698778,2.376474,0,-25.47362,1,1,1
2023-08-23,EC,L:Present R:absent,180,9,0,0,False,2,2.61893,3.105644,0,-24.89837,1,1,1
2023-08-23,EC,L:Present R:absent,180,9,0,0,False,2,3.53858,4.095402,0,-22.05591,1,1,1
2023-08-23,EC,L:Present R:absent,180,9,0,0,False,2,4.68335,5.240549,0,-25.37331,1,1,1
2023-08-23,EC,L:Present R:absent,181,9,1,0,False,2,4.68335,0.0109645,0,-25.37331,1,1,1
2023-08-23,EC,L:Present R:absent,181,9,1,0,False,2,2.67636,3.308977,0,-100,0,0,1
2023-08-23,EC,L:Present R:absent,181,9,1,0,False,2,3.595742,4.183999,0,-26.9496,1,1,1
2023-08-23,EC,L:Present R:absent,181,9,1,0,False,2,4.785232,5.630326,0,-24.14789,1,1,1
2023-08-23,EC,L:Present R:absent,182,9,2,0,False,2,4.785232,0.0110849,0,-24.14789,1,1,1
2023-08-23,EC,L:Present R:absent,182,9,2,0,False,2,1.798822,2.453747,0,-23.58811,1,1,1
2023-08-23,EC,L:Present R:absent,182,9,2,0,False,2,2.719479,3.306796,0,-23.39244,1,1,1
2023-08-23,EC,L:Present R:absent,182,9,2,0,False,2,3.785162,4.442467,0,-100,0,0,1
2023-08-23,EC,L:Present R:absent,182,9,2,0,False,2,5.017367,5.753203,0,-100,0,0,1
2023-08-23,EC,L:Present R:absent,183,9,3,0,False,2,5.017367,0.0220135,0,-100,0,0,1
2023-08-23,EC,L:Present R:absent,183,9,3,0,False,2,1.710259,2.385947,0,-26.5787,1,1,1
2023-08-23,EC,L:Present R:absent,183,9,3,0,False,2,2.62886,3.160776,0,-21.62477,1,1,1
2023-08-23,EC,L:Present R:absent,183,9,3,0,False,2,3.584481,4.10367,0,-25.51583,1,1,1
2023-08-23,EC,L:Present R:absent,183,9,3,0,False,2,4.863119,5.52955,0,-100,0,0,1
2023-08-23,EC,L:Present R:absent,184,9,4,0,False,2,4.863119,0.0223467,0,-100,0,0,1
2023-08-23,EC,L:Present R:absent,184,9,4,0,False,2,1.778434,2.339778,0,-23.71045,1,1,1
2023-08-23,EC,L:Present R:absent,184,9,4,0,False,2,2.706038,3.30727,0,-25.07171,1,0,0
2023-08-23,EC,L:Present R:absent,184,9,4,0,False,2,3.629191,4.25346,0,-100,0,0,1
2023-08-23,EC,L:Present R:absent,184,9,4,0,False,2,4.964223,5.529094,0,-26.15588,1,0,0
2023-08-23,EC,L:Present R:absent,185,9,5,0,False,2,4.964223,0.0221121,0,-26.15588,1,0,0
2023-08-23,EC,L:Present R:absent,185,9,5,0,False,2,1.710393,2.376017,0,-26.3791,1,0,0
2023-08-23,EC,L:Present R:absent,185,9,5,0,False,2,2.629812,3.197539,0,-25.95468,1,1,1
2023-08-23,EC,L:Present R:absent,185,9,5,0,False,2,3.551828,4.084144,0,-23.27648,1,1,1
2023-08-23,EC,L:Present R:absent,185,9,5,0,False,2,4.641472,5.197348,0,-100,0,0,1
2023-08-23,EC,L:Present R:absent,186,9,6,0,False,2,4.641472,0.0109612,0,-100,0,0,1
2023-08-23,EC,L:Present R:absent,186,9,6,0,False,2,1.46584,2.165823,0,-22.0816,1,1,1
2023-08-23,EC,L:Present R:absent,186,9,6,0,False,2,2.384218,3.062128,0,-23.87284,1,0,0
2023-08-23,EC,L:Present R:absent,186,9,6,0,False,2,4.230434,4.740242,0,-100,0,1,0
2023-08-23,EC,L:Present R:absent,187,9,7,0,False,2,4.230434,0.0438484,0,-100,0,1,0
2023-08-23,EC,L:Present R:absent,187,9,7,0,False,2,1.43251,2.253852,0,-100,0,0,1
2023-08-23,EC,L:Present R:absent,187,9,7,0,False,2,2.353406,2.872069,0,-23.80622,1,1,1
2023-08-23,EC,L:Present R:absent,187,9,7,0,False,2,3.271494,3.77168,0,-21.47843,1,1,1
2023-08-23,EC,L:Present R:absent,187,9,7,0,False,2,4.194018,4.693801,0,-25.37259,1,1,1
2023-08-23,EC,L:Present R:absent,188,9,8,0,False,2,4.194018,0.0332336,0,-25.37259,1,1,1
2023-08-23,EC,L:Present R:absent,188,9,8,0,False,2,1.822642,2.521344,0,-23.25005,1,1,1
2023-08-23,EC,L:Present R:absent,188,9,8,0,False,2,2.746686,3.238662,0,-23.74492,1,1,1
2023-08-23,EC,L:Present R:absent,188,9,8,0,False,2,3.671784,4.161523,0,-100,0,1,0
2023-08-23,EC,L:Present R:absent,188,9,8,0,False,2,4.740973,5.341585,0,-100,0,0,1
2023-08-23,EC,L:Present R:absent,189,9,9,0,False,2,4.740973,0.0332021,0,-100,0,0,1
2023-08-23,EC,L:Present R:absent,189,9,9,0,False,2,1.695798,2.408756,0,-100,0,0,1
2023-08-23,EC,L:Present R:absent,189,9,9,0,False,2,2.618356,3.182667,0,-22.3303,1,1,1
2023-08-23,EC,L:Present R:absent,189,9,9,0,False,2,3.616218,4.261156,0,-100,0,0,1
2023-08-23,EC,L:Present R:absent,189,9,9,0,False,2,4.748269,5.452516,0,-100,0,0,1
2023-08-23,EC,L:Present R:absent,190,9,10,0,False,2,4.748269,0.0224476,0,-100,0,0,1
2023-08-23,EC,L:Present R:absent,190,9,10,0,False,2,1.83168,2.530834,0,-25.33481,1,0,0
2023-08-23,EC,L:Present R:absent,190,9,10,0,False,2,2.75262,3.49682,0,-24.94663,1,1,1
2023-08-23,EC,L:Present R:absent,190,9,10,0,False,2,3.675706,4.241738,0,-24.96384,1,1,1
2023-08-23,EC,L:Present R:absent,190,9,10,0,False,2,4.774599,5.407704,0,-23.90409,1,1,1
2023-08-23,EC,L:Present R:absent,191,9,11,0,False,2,4.774599,0.0331184,0,-23.90409,1,1,1
2023-08-23,EC,L:Present R:absent,191,9,11,0,False,2,1.954341,2.665009,0,-100,0,0,1
2023-08-23,EC,L:Present R:absent,191,9,11,0,False,2,2.87459,3.416035,0,-24.49826,1,1,1
2023-08-23,EC,L:Present R:absent,191,9,11,0,False,2,3.79412,4.530729,0,-100,0,1,0
2023-08-23,EC,L:Present R:absent,191,9,11,0,False,2,4.794501,5.517095,0,-26.88418,1,0,0
2023-08-23,EC,L:Present R:absent,192,9,12,0,False,2,4.794501,0.022216,0,-26.88418,1,0,0
2023-08-23,EC,L:Present R:absent,192,9,12,0,False,2,1.720644,2.440648,0,-26.15178,1,1,1
2023-08-23,EC,L:Present R:absent,192,9,12,0,False,2,2.638937,3.330327,0,-100,0,1,0
2023-08-23,EC,L:Present R:absent,192,9,12,0,False,2,3.561311,4.240644,0,-24.02117,1,0,0
2023-08-23,EC,L:Present R:absent,192,9,12,0,False,2,4.484442,5.005683,0,-21.73815,1,1,1
2023-08-23,EC,L:Present R:absent,193,9,13,0,False,2,4.484442,0.0110537,0,-21.73815,1,1,1
2023-08-23,EC,L:Present R:absent,193,9,13,0,False,2,1.499385,2.087219,0,-25.33794,1,1,1
2023-08-23,EC,L:Present R:absent,193,9,13,0,False,2,2.419691,2.952956,0,-100,0,1,0
2023-08-23,EC,L:Present R:absent,193,9,13,0,False,2,3.340904,4.064913,0,-24.40148,1,1,1
2023-08-23,EC,L:Present R:absent,193,9,13,0,False,2,4.263196,5.064144,0,-24.68998,1,1,1
2023-08-23,EC,L:Present R:absent,194,9,14,0,False,2,4.263196,0.0110912,0,-24.68998,1,1,1
2023-08-23,EC,L:Present R:absent,194,9,14,0,False,2,1.799663,2.409284,0,-24.53829,1,1,1
2023-08-23,EC,L:Present R:absent,194,9,14,0,False,2,2.719069,-10,0,-25.86634,1,-10,0
2023-08-23,EC,L:Present R:absent,194,9,14,0,False,2,3.642686,3.865366,0,-25.86634,1,1,1
2023-08-23,EC,L:Present R:absent,194,9,14,0,False,2,4.775413,5.586052,0,-24.46843,1,1,1
2023-08-23,EC,L:Present R:absent,195,9,15,0,False,2,4.775413,0.0222247,0,-24.46843,1,1,1
2023-08-23,EC,L:Present R:absent,195,9,15,0,False,2,2.776803,3.620553,0,-27.07906,1,0,0
2023-08-23,EC,L:Present R:absent,195,9,15,0,False,2,3.731057,4.455112,0,-25.0756,1,1,1
2023-08-23,EC,L:Present R:absent,195,9,15,0,False,2,4.918684,5.69794,0,-21.87157,1,1,1
2023-08-23,EC,L:Present R:absent,196,9,16,0,False,2,4.918684,0.0220012,0,-21.87157,1,1,1
2023-08-23,EC,L:Present R:absent,196,9,16,0,False,2,1.432358,2.142688,0,-24.85531,1,0,0
2023-08-23,EC,L:Present R:absent,196,9,16,0,False,2,2.352045,2.907038,0,-25.01661,1,1,1
2023-08-23,EC,L:Present R:absent,196,9,16,0,False,2,3.272711,3.895377,0,-22.73741,1,0,0
2023-08-23,EC,L:Present R:absent,196,9,16,0,False,2,4.238594,4.88595,0,-25.858,1,1,1
2023-08-23,EC,L:Present R:absent,197,9,17,0,False,2,4.238594,0.011103,0,-25.858,1,1,1
2023-08-23,EC,L:Present R:absent,197,9,17,0,False,2,1.819938,2.631369,0,-100,0,0,1
2023-08-23,EC,L:Present R:absent,197,9,17,0,False,2,2.74197,3.318399,0,-24.82936,1,0,0
2023-08-23,EC,L:Present R:absent,197,9,17,0,False,2,3.662315,4.217685,0,-24.48095,1,1,1
2023-08-23,EC,L:Present R:absent,198,9,18,0,False,2,3.662315,0.0336985,0,-24.48095,1,1,1
2023-08-23,EC,L:Present R:absent,198,9,18,0,False,2,1.499023,2.221762,0,-100,0,0,1
2023-08-23,EC,L:Present R:absent,198,9,18,0,False,2,2.419703,3.043993,0,-100,0,0,1
2023-08-23,EC,L:Present R:absent,198,9,18,0,False,2,3.342016,3.817924,0,-22.15561,1,1,1
2023-08-23,EC,L:Present R:absent,198,9,18,0,False,2,4.364004,4.908203,0,-21.93312,1,1,1
2023-08-23,EC,L:Present R:absent,199,9,19,0,False,2,4.364004,0.0222895,0,-21.93312,1,1,1
2023-08-23,EC,L:Present R:absent,199,9,19,0,False,2,1.853826,2.564675,0,-21.96111,1,1,1
2023-08-23,EC,L:Present R:absent,199,9,19,0,False,2,2.774634,3.29642,0,-25.16969,1,1,1
2023-08-23,EC,L:Present R:absent,199,9,19,0,False,2,3.693383,4.204439,0,-24.43977,1,1,1
2023-08-23,EC,L:Present R:absent,199,9,19,0,False,2,4.986084,5.596899,0,-24.6756,1,1,1